Game Date,Location,Divisional Game,Playoff Game,Matchup,Home Team,Home Elo,Home Lg Rank,Home Pts,Away Team,Away Elo,Away Lg Rank,Away Pts,Home W,Home Pt Diff,Home Spread,Home Spread W,Home Moneyline,Away Moneyline
2011-09-11,@ ARI,0,0,CAR vs. ARI,ARI,1500.0,1.0,28,CAR,1500.0,1.0,21,1,7,-6.5,1,-302.0,266.0
2011-09-18,@ WAS,0,0,ARI vs. WAS,WAS,1550.0,1.0,22,ARI,1550.0,1.0,21,1,1,-4.5,0,-215.0,193.0
2011-09-25,@ SEA,1,0,ARI vs. SEA,SEA,1400.0,26.0,13,ARI,1500.0,8.0,10,1,3,3.0,1,140.0,-155.0
2011-10-02,@ ARI,0,0,NYG vs. ARI,ARI,1435.9935000197115,19.0,27,NYG,1547.9853938919734,4.0,31,0,-4,1.0,0,-103.0,-107.0
2011-10-09,@ MIN,0,0,ARI vs. MIN,MIN,1324.7116470808544,29.0,34,ARI,1401.5744973347241,22.0,10,1,24,-3.5,1,-190.0,171.0
2011-10-23,@ ARI,0,0,PIT vs. ARI,ARI,1340.6900374836607,20.0,20,PIT,1578.0106388133527,6.0,32,0,-12,4.0,0,193.0,-215.0
2011-10-30,@ BAL,0,0,ARI vs. BAL,BAL,1534.6651939605035,5.0,30,ARI,1320.365409817713,22.0,27,1,3,-12.0,0,-796.0,635.0
2011-11-06,@ ARI,1,0,LAR vs. ARI,ARI,1297.8103658838909,23.0,19,LAR,1380.3059360598545,23.0,13,1,6,-1.0,1,-117.0,106.0
2011-11-13,@ PHI,0,0,ARI vs. PHI,PHI,1468.8543928023025,20.0,17,ARI,1359.4642425987695,24.0,21,0,-4,-13.5,0,-700.0,569.0
2011-11-20,@ SFO,1,0,ARI vs. SFO,SFO,1760.8798238075283,2.0,23,ARI,1424.7063934213825,22.0,7,1,16,-10.0,1,-525.0,442.0
2011-11-27,@ LAR,1,0,ARI vs. LAR,LAR,1380.3059360598545,23.0,20,ARI,1297.8103658838909,23.0,23,0,-3,-1.0,0,-140.0,127.0
2011-12-04,@ ARI,0,0,DAL vs. ARI,ARI,1452.3770841956148,19.0,19,DAL,1610.0143856332488,8.0,13,1,6,4.0,1,180.0,-200.0
2011-12-11,@ ARI,1,0,SFO vs. ARI,ARI,1424.7063934213825,22.0,21,SFO,1760.8798238075283,2.0,19,1,2,3.5,1,149.0,-165.0
2011-12-18,@ ARI,0,0,CLE vs. ARI,ARI,1598.0458059230252,18.0,20,CLE,1365.2229964426344,24.0,17,1,3,-6.0,0,-245.0,218.0
2011-12-24,@ CIN,0,0,ARI vs. CIN,CIN,1520.447781475071,10.0,23,ARI,1618.7929338957858,14.0,16,1,7,-3.5,1,-200.0,180.0
2012-01-01,@ ARI,1,0,SEA vs. ARI,ARI,1500.0,8.0,23,SEA,1400.0,26.0,20,1,3,-2.5,1,-136.0,123.0
2011-09-11,@ CHI,0,0,ATL vs. CHI,CHI,1500.0,1.0,30,ATL,1500.0,1.0,12,1,18,1.0,1,105.0,-116.0
2011-09-18,@ ATL,0,0,PHI vs. ATL,ATL,1450.0,17.0,35,PHI,1550.0,1.0,31,1,4,2.5,1,120.0,-133.0
2011-09-25,@ TAM,1,0,ATL vs. TAM,TAM,1500.0,8.0,16,ATL,1514.0064999802885,8.0,13,1,3,-1.0,1,-113.0,102.0
2011-10-02,@ SEA,0,0,ATL vs. SEA,SEA,1464.0064999802885,19.0,28,ATL,1461.991893872262,19.0,30,0,-2,6.0,1,232.0,-261.0
2011-10-09,@ ATL,0,0,GNB vs. ATL,ATL,1512.2818157474944,14.0,14,GNB,1650.6990818184952,1.0,25,0,-11,6.0,0,221.0,-248.0
2011-10-16,@ ATL,1,0,CAR vs. ATL,ATL,1481.210639113749,15.0,31,CAR,1396.5428685528177,20.0,17,1,14,-3.5,1,-190.0,171.0
2011-10-23,@ DET,0,0,ATL vs. DET,DET,1626.844748853233,2.0,16,ATL,1519.2615739329908,14.0,23,0,-7,-4.5,0,-220.0,197.0
2011-11-06,@ IND,0,0,ATL vs. IND,IND,1243.1918230993547,25.0,7,ATL,1584.2674734305906,7.0,31,0,-24,6.5,0,264.0,-300.0
2011-11-13,@ ATL,1,0,NOR vs. ATL,ATL,1596.5775452961343,9.0,23,NOR,1553.528497127086,6.0,26,0,-3,-1.0,0,-114.0,103.0
2011-11-20,@ ATL,0,0,TEN vs. ATL,ATL,1540.4137999463387,12.0,23,TEN,1504.0942549685255,12.0,17,1,6,-6.0,0,-250.0,222.0
2011-11-27,@ ATL,0,0,MIN vs. ATL,ATL,1585.2059535403755,7.0,24,MIN,1354.1614142441983,26.0,14,1,10,-10.0,0,-490.0,416.0
2011-12-04,@ HOU,0,0,ATL vs. HOU,HOU,1656.8640464896368,3.0,17,ATL,1606.1219019712848,8.0,10,1,7,1.0,1,108.0,-119.0
2011-12-11,@ CAR,1,0,ATL vs. CAR,CAR,1396.5428685528177,20.0,23,ATL,1481.210639113749,15.0,31,0,-8,3.0,0,131.0,-145.0
2011-12-15,@ ATL,0,0,JAX vs. ATL,ATL,1591.1946371009483,8.0,41,JAX,1354.4742689616453,24.0,14,1,27,-14.0,1,-960.0,742.0
2011-12-26,@ NOR,1,0,ATL vs. NOR,NOR,1553.528497127086,6.0,45,ATL,1596.5775452961343,9.0,16,1,29,-7.0,1,-310.0,273.0
2012-01-01,@ ATL,1,0,TAM vs. ATL,ATL,1514.0064999802885,8.0,45,TAM,1500.0,8.0,24,1,21,-10.0,1,-470.0,400.0
2012-01-08,@ NYG,0,1,ATL vs. NYG,NYG,1558.0982074346746,10.0,24,ATL,1588.651861091175,7.0,2,1,22,-3.0,1,-144.0,130.0
2011-09-11,@ BAL,1,0,PIT vs. BAL,BAL,1500.0,1.0,35,PIT,1500.0,1.0,7,1,28,-1.0,1,-125.0,113.0
2011-09-18,@ TEN,0,0,BAL vs. TEN,TEN,1450.0,17.0,26,BAL,1550.0,1.0,13,1,13,5.5,1,216.0,-242.0
2011-09-25,@ LAR,0,0,BAL vs. LAR,LAR,1400.0,26.0,7,BAL,1485.9935000197115,8.0,37,0,-30,5.5,0,214.0,-240.0
2011-10-02,@ BAL,0,0,NYJ vs. BAL,BAL,1523.864708082735,4.0,34,NYJ,1535.9935000197115,4.0,17,1,17,-5.0,1,-239.0,213.0
2011-10-16,@ BAL,0,0,HOU vs. BAL,BAL,1575.6094728449236,3.0,29,HOU,1517.966625431857,8.0,14,1,15,-7.0,1,-311.0,274.0
2011-10-24,@ JAX,0,0,BAL vs. JAX,JAX,1345.3128456649094,21.0,12,BAL,1617.3892850433576,5.0,7,1,5,10.0,1,442.0,-525.0
2011-11-06,@ PIT,1,0,BAL vs. PIT,PIT,1500.0,1.0,20,BAL,1500.0,1.0,23,0,-3,-3.5,0,-196.0,176.0
2011-11-13,@ SEA,0,0,BAL vs. SEA,SEA,1359.0171089158684,24.0,22,BAL,1621.4167930634444,3.0,17,1,5,7.0,1,264.0,-300.0
2011-11-20,@ BAL,1,0,CIN vs. BAL,BAL,1539.503352413548,6.0,31,CIN,1580.09489021405,6.0,24,1,7,-7.0,0,-315.0,277.0
2011-11-24,@ BAL,0,0,SFO vs. BAL,BAL,1595.3185099807158,3.0,16,SFO,1773.4977700254187,2.0,6,1,10,-3.0,1,-176.0,159.0
2011-12-04,@ CLE,1,0,BAL vs. CLE,CLE,1395.582205988535,19.0,10,BAL,1668.9263057791095,3.0,24,0,-14,7.0,0,257.0,-291.0
2011-12-11,@ BAL,0,0,IND vs. BAL,BAL,1686.0981762703036,3.0,24,IND,1161.910705765704,32.0,10,1,14,-16.5,0,-1350.0,925.0
2011-12-18,@ LAC,0,0,BAL vs. LAC,LAC,1454.1610696289156,18.0,34,BAL,1690.7624804447898,2.0,14,1,20,1.0,1,-101.0,-109.0
2011-12-24,@ BAL,1,0,CLE vs. BAL,BAL,1668.9263057791095,3.0,20,CLE,1395.582205988535,19.0,14,1,6,-10.5,0,-617.0,510.0
2012-01-01,@ CIN,1,0,BAL vs. CIN,CIN,1580.09489021405,6.0,16,BAL,1539.503352413548,6.0,24,0,-8,2.5,0,138.0,-153.0
2012-01-15,@ BAL,0,1,HOU vs. BAL,BAL,1672.4890615468812,5.0,20,HOU,1542.5885929496956,3.0,13,1,7,-7.0,0,-311.0,274.0
2012-01-22,@ NWE,0,1,BAL vs. NWE,NWE,1783.6018672453324,2.0,23,BAL,1704.6198625353366,4.0,20,1,3,-7.0,0,-310.0,273.0
2011-09-11,@ KAN,0,0,BUF vs. KAN,KAN,1500.0,1.0,7,BUF,1500.0,1.0,41,0,-34,-3.5,0,-192.0,173.0
2011-09-18,@ BUF,0,0,LVR vs. BUF,BUF,1550.0,1.0,38,LVR,1550.0,1.0,35,1,3,-3.5,0,-190.0,171.0
2011-09-25,@ BUF,1,0,NWE vs. BUF,BUF,1600.0,1.0,34,NWE,1600.0,1.0,31,1,3,7.0,1,273.0,-310.0
2011-10-02,@ CIN,0,0,BUF vs. CIN,CIN,1435.9935000197115,19.0,23,BUF,1650.0,1.0,20,1,3,3.0,1,134.0,-148.0
2011-10-09,@ BUF,0,0,PHI vs. BUF,BUF,1572.584548028748,3.0,31,PHI,1401.7470005428802,22.0,24,1,7,3.0,1,143.0,-158.0
2011-10-16,@ NYG,0,0,BUF vs. NYG,NYG,1509.8716198338288,8.0,27,BUF,1599.8059193392003,3.0,24,1,3,-3.0,0,-185.0,166.0
2011-10-30,@ BUF,0,0,WAS vs. BUF,BUF,1537.1448595422078,6.0,23,WAS,1421.6032860044736,13.0,0,1,23,-4.0,1,-210.0,188.0
2011-11-06,@ BUF,1,0,NYJ vs. BUF,BUF,1571.1041081343485,4.0,11,NYJ,1551.7854206928782,7.0,27,0,-16,-2.5,0,-130.0,118.0
2011-11-13,@ DAL,0,0,BUF vs. DAL,DAL,1503.5763168166895,14.0,44,BUF,1518.3267872127105,9.0,7,1,37,-4.5,1,-222.0,199.0
2011-11-20,@ MIA,1,0,BUF vs. MIA,MIA,1400.3008257683675,28.0,35,BUF,1466.2052983571618,12.0,8,1,27,-3.0,1,-156.0,141.0
2011-11-27,@ NYJ,1,0,BUF vs. NYJ,NYJ,1551.7854206928782,7.0,28,BUF,1571.1041081343485,4.0,24,1,4,-9.5,0,-450.0,385.0
2011-12-04,@ BUF,0,0,TEN vs. BUF,BUF,1369.2634634177316,18.0,17,TEN,1504.8702721920513,14.0,23,0,-6,-1.0,0,-107.0,-103.0
2011-12-11,@ LAC,0,0,BUF vs. LAC,LAC,1415.0992032754953,18.0,37,BUF,1337.8447396124857,18.0,10,1,27,-7.0,1,-309.0,272.0
2011-12-18,@ BUF,1,0,MIA vs. BUF,BUF,1466.2052983571618,12.0,23,MIA,1400.3008257683675,28.0,30,0,-7,1.0,0,-103.0,-107.0
2011-12-24,@ BUF,0,0,DEN vs. BUF,BUF,1267.6072998073503,23.0,40,DEN,1615.153631896429,10.0,14,1,26,3.0,1,127.0,-140.0
2012-01-01,@ NWE,1,0,BUF vs. NWE,NWE,1600.0,1.0,49,BUF,1600.0,1.0,21,1,28,-10.0,1,-568.0,474.0
2011-09-18,@ CAR,0,0,GNB vs. CAR,CAR,1450.0,17.0,23,GNB,1550.0,1.0,30,0,-7,10.5,1,453.0,-539.0
2011-09-25,@ CAR,0,0,JAX vs. CAR,CAR,1414.0064999802885,26.0,16,JAX,1500.0,8.0,10,1,6,-3.5,1,-170.0,153.0
2011-10-02,@ CHI,0,0,CAR vs. CHI,CHI,1450.0,19.0,34,CAR,1476.135291917265,19.0,29,1,5,-7.0,0,-300.0,264.0
2011-10-09,@ CAR,1,0,NOR vs. CAR,CAR,1422.381199321882,22.0,27,NOR,1605.5472164411256,3.0,30,0,-3,6.5,1,252.0,-285.0
2011-10-23,@ CAR,0,0,WAS vs. CAR,CAR,1358.491933733576,21.0,33,WAS,1489.6273060350668,13.0,20,1,13,-1.5,1,-133.0,120.0
2011-10-30,@ CAR,0,0,MIN vs. CAR,CAR,1426.5159537641691,20.0,21,MIN,1336.0782989405493,23.0,24,0,-3,-3.0,0,-175.0,158.0
2011-11-13,@ CAR,0,0,TEN vs. CAR,CAR,1363.7871250600363,20.0,3,TEN,1468.7572035765218,14.0,30,0,-27,-3.5,0,-190.0,171.0
2011-11-20,@ DET,0,0,CAR vs. DET,DET,1547.7914919157179,6.0,49,CAR,1328.4500736680325,28.0,35,1,14,-7.0,1,-325.0,285.0
2011-11-27,@ IND,0,0,CAR vs. IND,IND,1202.6605129589698,32.0,19,CAR,1306.3979372354715,26.0,27,0,-8,3.5,0,160.0,-178.0
2011-12-04,@ TAM,1,0,CAR vs. TAM,TAM,1382.8573971937394,19.0,19,CAR,1341.8972940589638,27.0,38,0,-19,1.0,0,122.0,-135.0
2011-12-18,@ HOU,0,0,CAR vs. HOU,HOU,1726.5955935734937,2.0,13,CAR,1369.94293445157,24.0,28,0,-15,-4.5,0,-240.0,214.0
2011-12-24,@ CAR,1,0,TAM vs. CAR,CAR,1341.8972940589638,27.0,48,TAM,1382.8573971937394,19.0,16,1,32,-9.0,1,-350.0,305.0
2012-01-01,@ NOR,1,0,CAR vs. NOR,NOR,1605.5472164411256,3.0,45,CAR,1422.381199321882,22.0,17,1,28,-7.0,1,-300.0,264.0
2011-09-18,@ NOR,0,0,CHI vs. NOR,NOR,1450.0,17.0,30,CHI,1550.0,1.0,13,1,17,-4.5,1,-228.0,204.0
2011-09-25,@ CHI,1,0,GNB vs. CHI,CHI,1485.9935000197115,8.0,17,GNB,1585.9935000197115,1.0,27,0,-10,4.0,0,188.0,-210.0
2011-10-10,@ DET,1,0,CHI vs. DET,DET,1656.4462688336037,1.0,24,CHI,1503.754092595383,14.0,13,1,11,-6.5,1,-280.0,248.0
2011-10-16,@ CHI,1,0,MIN vs. CHI,CHI,1474.4149001453206,15.0,39,MIN,1385.5961069319178,20.0,10,1,29,-1.0,1,-128.0,116.0
2011-10-23,@ TAM,0,0,CHI vs. TAM,TAM,1591.2327366223271,6.0,18,CHI,1511.9042027251273,14.0,24,0,-6,1.5,0,111.0,-122.0
2011-11-07,@ PHI,0,0,CHI vs. PHI,PHI,1509.8471930660148,14.0,24,CHI,1573.1261605252446,7.0,30,0,-6,-9.0,0,-355.0,310.0
2011-11-13,@ CHI,1,0,DET vs. CHI,CHI,1503.754092595383,14.0,37,DET,1656.4462688336037,1.0,13,1,24,-2.5,1,-135.0,122.0
2011-11-20,@ CHI,0,0,LAC vs. CHI,CHI,1661.3774689755414,6.0,31,LAC,1412.5877738170655,18.0,20,1,11,-4.5,1,-232.0,207.0
2011-11-27,@ LVR,0,0,CHI vs. LVR,LVR,1551.8504452633833,7.0,25,CHI,1680.6538816652371,3.0,20,1,5,-3.0,1,-140.0,127.0
2011-12-04,@ CHI,0,0,KAN vs. CHI,CHI,1612.9225489966175,8.0,3,KAN,1395.8414256348858,19.0,10,0,-7,-9.0,0,-390.0,338.0
2011-12-11,@ DEN,0,0,CHI vs. DEN,DEN,1623.8051998019528,8.0,13,CHI,1535.1991520022723,8.0,10,1,3,-3.5,0,-170.0,153.0
2011-12-18,@ CHI,0,0,SEA vs. CHI,CHI,1497.6811453115154,12.0,14,SEA,1492.1732100603915,18.0,38,0,-24,-3.5,0,-195.0,175.0
2011-12-25,@ GNB,1,0,CHI vs. GNB,GNB,1585.9935000197115,1.0,35,CHI,1485.9935000197115,8.0,21,1,14,-13.0,1,-804.0,641.0
2012-01-01,@ MIN,1,0,CHI vs. MIN,MIN,1385.5961069319178,20.0,13,CHI,1474.4149001453206,15.0,17,0,-4,-1.5,0,-146.0,132.0
2011-09-11,@ CLE,1,0,CIN vs. CLE,CLE,1500.0,1.0,17,CIN,1500.0,1.0,27,0,-10,-6.5,0,-310.0,273.0
2011-09-18,@ DEN,0,0,CIN vs. DEN,DEN,1450.0,17.0,24,CIN,1550.0,1.0,22,1,2,-3.5,0,-170.0,153.0
2011-09-25,@ CIN,0,0,SFO vs. CIN,CIN,1485.9935000197115,8.0,8,SFO,1485.9935000197115,8.0,13,0,-5,-1.0,0,-113.0,102.0
2011-10-09,@ JAX,0,0,CIN vs. JAX,JAX,1406.5445081598461,22.0,20,CIN,1513.4089519909635,14.0,30,0,-10,1.0,0,123.0,-136.0
2011-10-16,@ CIN,0,0,IND vs. CIN,CIN,1548.4972281873308,8.0,27,IND,1300.9903752899013,26.0,17,1,10,-5.0,1,-230.0,205.0
2011-10-30,@ SEA,0,0,CIN vs. SEA,SEA,1431.4634044240365,18.0,12,CIN,1567.888811072583,6.0,34,0,-22,1.0,0,103.0,-114.0
2011-11-06,@ TEN,0,0,CIN vs. TEN,TEN,1505.6034080147967,11.0,17,CIN,1599.2060878070836,4.0,24,0,-7,-1.5,0,-136.0,123.0
2011-11-13,@ CIN,1,0,PIT vs. CIN,CIN,1636.0522922453586,3.0,17,PIT,1594.4584466568124,6.0,24,0,-7,3.5,0,171.0,-190.0
2011-11-27,@ CIN,1,0,CLE vs. CIN,CIN,1500.0,1.0,23,CLE,1500.0,1.0,20,1,3,-6.5,0,-275.0,244.0
2011-12-04,@ PIT,1,0,CIN vs. PIT,PIT,1594.4584466568124,6.0,35,CIN,1636.0522922453586,3.0,7,1,28,-7.0,1,-320.0,281.0
2011-12-11,@ CIN,0,0,HOU vs. CIN,CIN,1526.6747788097641,8.0,19,HOU,1699.6131454230238,3.0,20,0,-1,-2.5,0,-139.0,126.0
2011-12-18,@ LAR,0,0,CIN vs. LAR,LAR,1266.9574393648534,30.0,13,CIN,1499.6923306592942,12.0,20,0,-7,7.0,0,264.0,-300.0
2012-01-07,@ HOU,0,1,CIN vs. HOU,HOU,1484.5944410785967,7.0,31,CIN,1540.624218545833,10.0,10,1,21,-4.0,1,-226.0,202.0
2011-09-18,@ IND,0,0,CLE vs. IND,IND,1450.0,17.0,19,CLE,1450.0,17.0,27,0,-8,1.0,0,109.0,-120.0
2011-09-25,@ CLE,0,0,MIA vs. CLE,CLE,1500.0,8.0,17,MIA,1414.0064999802885,26.0,16,1,1,1.0,1,113.0,-125.0
2011-10-02,@ CLE,0,0,TEN vs. CLE,CLE,1537.8712080630235,4.0,13,TEN,1564.0064999802885,4.0,31,0,-18,-1.0,0,-130.0,118.0
2011-10-16,@ LVR,0,0,CLE vs. LVR,LVR,1571.2742437273212,8.0,24,CLE,1491.6253006584066,14.0,17,1,7,-6.5,1,-290.0,256.0
2011-10-23,@ CLE,0,0,SEA vs. CLE,CLE,1452.8910372456041,18.0,6,SEA,1486.249354848188,15.0,3,1,3,-3.0,0,-190.0,171.0
2011-10-30,@ SFO,0,0,CLE vs. SFO,SFO,1681.9245851446408,2.0,20,CLE,1507.6769876697556,13.0,10,1,10,-9.0,1,-431.0,370.0
2011-11-06,@ HOU,0,0,CLE vs. HOU,HOU,1570.6598310763475,9.0,30,CLE,1480.842765990217,14.0,12,1,18,-10.5,1,-530.0,446.0
2011-11-13,@ CLE,0,0,LAR vs. CLE,CLE,1443.4880348593429,20.0,12,LAR,1318.6520593449761,26.0,13,0,-1,-2.5,0,-132.0,120.0
2011-11-20,@ CLE,0,0,JAX vs. CLE,CLE,1376.2578690312462,22.0,14,JAX,1421.2709480593714,22.0,10,1,4,-1.0,1,-110.0,100.0
2011-12-08,@ PIT,1,0,CLE vs. PIT,PIT,1705.7806938669498,3.0,14,CLE,1378.4103354973408,23.0,3,1,11,-14.0,0,-1100.0,816.0
2012-01-01,@ CLE,1,0,PIT vs. CLE,CLE,1378.4103354973408,23.0,9,PIT,1705.7806938669498,3.0,13,0,-4,7.0,1,285.0,-325.0
2011-09-11,@ NYJ,0,0,DAL vs. NYJ,NYJ,1500.0,1.0,27,DAL,1500.0,1.0,24,1,3,-6.5,0,-270.0,239.0
2011-09-18,@ SFO,0,0,DAL vs. SFO,SFO,1550.0,1.0,24,DAL,1450.0,17.0,27,0,-3,3.0,0,151.0,-167.0
2011-09-26,@ DAL,1,0,WAS vs. DAL,DAL,1514.0064999802885,8.0,18,WAS,1600.0,1.0,16,1,2,-3.5,0,-175.0,158.0
2011-10-02,@ DAL,0,0,DET vs. DAL,DAL,1576.135291917265,4.0,30,DET,1611.5211706611785,1.0,34,0,-4,-2.5,0,-133.0,120.0
2011-10-16,@ NWE,0,0,DAL vs. NWE,NWE,1635.6872907063282,3.0,20,DAL,1531.21019374484,14.0,16,1,4,-6.5,0,-290.0,256.0
2011-10-23,@ DAL,0,0,LAR vs. DAL,DAL,1495.8082710469766,18.0,34,LAR,1323.4745095926216,24.0,7,1,27,-14.0,1,-1000.0,760.0
2011-10-30,@ PHI,1,0,DAL vs. PHI,PHI,1449.4351466869966,20.0,34,DAL,1522.8593444220403,13.0,7,1,27,-3.0,1,-162.0,146.0
2011-11-06,@ DAL,0,0,SEA vs. DAL,DAL,1462.447298043022,14.0,23,SEA,1400.146127689536,18.0,13,1,10,-11.0,0,-545.0,457.0
2011-11-20,@ WAS,1,0,DAL vs. WAS,WAS,1600.0,1.0,24,DAL,1514.0064999802885,8.0,27,0,-3,7.0,1,289.0,-330.0
2011-11-24,@ DAL,0,0,MIA vs. DAL,DAL,1576.1795972847333,7.0,20,MIA,1459.6731005059278,22.0,19,1,1,-7.0,0,-300.0,264.0
2011-12-11,@ DAL,1,0,NYG vs. DAL,DAL,1538.7669216846416,8.0,34,NYG,1472.825006137732,17.0,37,0,-3,-4.5,0,-214.0,192.0
2011-12-17,@ TAM,0,0,DAL vs. TAM,TAM,1273.2133774453853,24.0,15,DAL,1479.3894479057487,12.0,31,0,-16,7.0,0,293.0,-335.0
2011-12-24,@ DAL,1,0,PHI vs. DAL,DAL,1522.8593444220403,13.0,7,PHI,1449.4351466869966,20.0,20,0,-13,1.5,0,118.0,-130.0
2012-01-01,@ NYG,1,0,DAL vs. NYG,NYG,1472.825006137732,17.0,31,DAL,1538.7669216846416,8.0,14,1,17,-3.0,1,-161.0,145.0
2011-09-12,@ DEN,1,0,LVR vs. DEN,DEN,1500.0,1.0,20,LVR,1500.0,1.0,23,0,-3,-3.0,0,-170.0,153.0
2011-09-25,@ TEN,0,0,DEN vs. TEN,TEN,1514.0064999802885,8.0,17,DEN,1514.0064999802885,8.0,14,1,3,-7.0,0,-310.0,273.0
2011-10-02,@ GNB,0,0,DEN vs. GNB,GNB,1621.987000039423,1.0,49,DEN,1464.0064999802885,19.0,23,1,26,-12.0,1,-605.0,502.0
2011-10-09,@ DEN,1,0,LAC vs. DEN,DEN,1435.2944182012163,22.0,24,LAC,1566.1428531431402,3.0,29,0,-5,3.5,0,171.0,-190.0
2011-10-23,@ MIA,0,0,DEN vs. MIA,MIA,1312.229069293838,24.0,15,DEN,1403.2824998790986,20.0,18,0,-3,1.0,0,-104.0,-106.0
2011-10-30,@ DEN,0,0,DET vs. DEN,DEN,1440.4708345980582,18.0,10,DET,1561.8388493556333,2.0,45,0,-35,3.0,0,154.0,-171.0
2011-11-06,@ LVR,1,0,DEN vs. LVR,LVR,1500.0,1.0,24,DEN,1500.0,1.0,38,0,-14,-7.0,0,-335.0,293.0
2011-11-13,@ KAN,1,0,DEN vs. KAN,KAN,1496.8119562148117,14.0,10,DEN,1475.4972601823163,20.0,17,0,-7,-3.0,0,-184.0,166.0
2011-11-17,@ DEN,0,0,NYJ vs. DEN,DEN,1528.5608490509637,18.0,17,NYJ,1547.8269071739526,12.0,13,1,4,6.5,1,248.0,-280.0
2011-11-27,@ LAC,1,0,DEN vs. LAC,LAC,1566.1428531431402,3.0,13,DEN,1435.2944182012163,22.0,16,0,-3,-4.5,0,-210.0,188.0
2011-12-04,@ MIN,0,0,DEN vs. MIN,MIN,1333.245465813289,30.0,32,DEN,1606.6372316122522,14.0,35,0,-3,-1.0,0,-130.0,118.0
2011-12-18,@ DEN,0,0,NWE vs. DEN,DEN,1661.3232064927097,8.0,23,NWE,1687.991982055208,2.0,41,0,-18,7.0,0,264.0,-300.0
2012-01-01,@ DEN,1,0,KAN vs. DEN,DEN,1475.4972601823163,20.0,3,KAN,1496.8119562148117,14.0,7,0,-4,-1.0,0,-125.0,113.0
2012-01-08,@ DEN,0,1,PIT vs. DEN,DEN,1468.7579486001991,13.0,29,PIT,1678.1090714006687,5.0,23,1,6,7.5,1,293.0,-335.0
2012-01-14,@ NWE,0,1,DEN vs. NWE,NWE,1761.1634783515044,2.0,45,DEN,1545.7014180062704,7.0,10,1,35,-14.0,1,-674.0,551.0
2011-09-11,@ TAM,0,0,DET vs. TAM,TAM,1500.0,1.0,20,DET,1500.0,1.0,27,0,-7,-1.0,0,-125.0,113.0
2011-09-18,@ DET,0,0,KAN vs. DET,DET,1550.0,1.0,48,KAN,1450.0,17.0,3,1,45,-9.0,1,-325.0,285.0
2011-09-25,@ MIN,1,0,DET vs. MIN,MIN,1400.0,26.0,23,DET,1585.9935000197115,1.0,26,0,-3,3.0,0,144.0,-160.0
2011-10-16,@ DET,0,0,SFO vs. DET,DET,1685.785461283666,1.0,19,SFO,1622.9838727142078,3.0,25,0,-6,-5.5,0,-227.0,203.0
2011-11-24,@ DET,1,0,GNB vs. DET,DET,1569.8436283482788,3.0,15,GNB,1755.9092162295942,1.0,27,0,-12,4.0,0,171.0,-190.0
2011-12-04,@ NOR,0,0,DET vs. NOR,NOR,1647.9750121102204,3.0,31,DET,1544.3238459421389,8.0,17,1,14,-9.5,1,-345.0,301.0
2011-12-11,@ DET,1,0,MIN vs. DET,DET,1585.9935000197115,1.0,34,MIN,1400.0,26.0,28,1,6,-10.0,0,-500.0,423.0
2011-12-18,@ LVR,0,0,DET vs. LVR,LVR,1525.3492550948688,12.0,27,DET,1533.6099887608657,8.0,28,0,-1,1.0,0,130.0,-144.0
2011-12-24,@ DET,0,0,LAC vs. DET,DET,1582.4213975903199,8.0,38,LAC,1533.7693176875189,14.0,10,1,28,1.0,1,-110.0,100.0
2012-01-01,@ GNB,1,0,DET vs. GNB,GNB,1755.9092162295942,1.0,45,DET,1569.8436283482788,3.0,41,1,4,6.5,1,231.0,-260.0
2012-01-07,@ NOR,0,1,DET vs. NOR,NOR,1773.3241030735894,2.0,45,DET,1591.7318250455835,7.0,28,1,17,-9.5,1,-345.0,301.0
2011-09-08,@ GNB,0,0,NOR vs. GNB,GNB,1500.0,1.0,42,NOR,1500.0,1.0,34,1,8,-4.5,1,-250.0,222.0
2011-10-16,@ GNB,0,0,LAR vs. GNB,GNB,1681.7702584522406,1.0,24,LAR,1335.4631765103645,29.0,3,1,21,-14.0,1,-973.0,750.0
2011-10-23,@ MIN,1,0,GNB vs. MIN,MIN,1348.106804352111,21.0,27,GNB,1693.7589253699834,1.0,33,0,-6,10.0,1,456.0,-543.0
2011-11-06,@ LAC,0,0,GNB vs. LAC,LAC,1482.7136917750224,11.0,38,GNB,1705.7874307815453,1.0,45,0,-7,5.5,0,199.0,-223.0
2011-11-14,@ GNB,1,0,MIN vs. GNB,GNB,1693.7589253699834,1.0,45,MIN,1348.106804352111,21.0,7,1,38,-12.5,1,-655.0,538.0
2011-11-20,@ GNB,0,0,TAM vs. GNB,GNB,1740.5747078962863,1.0,35,TAM,1443.7600763446098,18.0,26,1,9,-13.5,0,-720.0,583.0
2011-12-04,@ NYG,0,0,GNB vs. NYG,NYG,1488.4482415140092,14.0,35,GNB,1781.4289986357342,1.0,38,0,-3,7.0,1,260.0,-295.0
2011-12-11,@ GNB,0,0,LVR vs. GNB,GNB,1797.0522340120112,1.0,46,LVR,1544.270617391534,8.0,16,1,30,-11.5,1,-684.0,558.0
2011-12-18,@ KAN,0,0,GNB vs. KAN,KAN,1435.9206061371196,21.0,19,GNB,1815.9735963086764,1.0,14,1,5,11.0,1,483.0,-579.0
2012-01-15,@ GNB,0,1,NYG vs. GNB,GNB,1776.4925466936772,1.0,20,NYG,1612.4839317661788,4.0,37,0,-17,-8.5,0,-402.0,347.0
2011-09-11,@ HOU,1,0,IND vs. HOU,HOU,1500.0,1.0,34,IND,1500.0,1.0,7,1,27,-9.0,1,-430.0,369.0
2011-09-18,@ MIA,0,0,HOU vs. MIA,MIA,1450.0,17.0,13,HOU,1550.0,1.0,23,0,-10,3.0,0,137.0,-151.0
2011-09-25,@ NOR,0,0,HOU vs. NOR,NOR,1514.0064999802885,8.0,40,HOU,1585.9935000197115,1.0,33,1,7,-3.5,1,-174.0,157.0
2011-10-02,@ HOU,0,0,PIT vs. HOU,HOU,1525.7794834620518,4.0,17,PIT,1535.9935000197115,4.0,10,1,7,-4.0,1,-200.0,180.0
2011-10-09,@ HOU,0,0,LVR vs. HOU,HOU,1577.2489752869162,3.0,20,LVR,1511.991893872262,14.0,25,0,-5,-4.5,0,-220.0,197.0
2011-10-23,@ TEN,1,0,HOU vs. TEN,TEN,1542.909163064969,8.0,7,HOU,1476.186813233423,14.0,41,0,-34,-3.0,0,-138.0,125.0
2011-10-30,@ HOU,1,0,JAX vs. HOU,HOU,1535.6726041131142,7.0,24,JAX,1428.0369367477635,20.0,14,1,10,-10.0,0,-440.0,377.0
2011-11-13,@ TAM,0,0,HOU vs. TAM,TAM,1475.5726906998664,14.0,9,HOU,1608.0145622072216,6.0,37,0,-28,3.5,0,165.0,-183.0
2011-11-27,@ JAX,1,0,HOU vs. JAX,JAX,1428.0369367477635,20.0,13,HOU,1535.6726041131142,7.0,20,0,-7,6.0,0,235.0,-265.0
2011-12-22,@ IND,1,0,HOU vs. IND,IND,1500.0,1.0,19,HOU,1500.0,1.0,16,1,3,7.0,1,264.0,-300.0
2012-01-01,@ HOU,1,0,TEN vs. HOU,HOU,1476.186813233423,14.0,22,TEN,1542.909163064969,8.0,23,0,-1,1.0,0,120.0,-133.0
2011-09-25,@ IND,0,0,PIT vs. IND,IND,1400.0,26.0,20,PIT,1500.0,8.0,23,0,-3,10.5,1,487.0,-585.0
2011-10-03,@ TAM,0,0,IND vs. TAM,TAM,1552.0146061080266,4.0,24,IND,1364.0064999802885,28.0,17,1,7,-10.0,0,-500.0,423.0
2011-10-09,@ IND,0,0,KAN vs. IND,IND,1338.6986741952758,29.0,24,KAN,1425.8959741949436,22.0,28,0,-4,-1.0,0,-115.0,104.0
2011-10-23,@ NOR,0,0,IND vs. NOR,NOR,1566.7459753712633,6.0,62,IND,1281.5987924046492,24.0,7,1,55,-13.5,1,-1000.0,760.0
2011-10-30,@ TEN,1,0,IND vs. TEN,TEN,1483.423372185278,13.0,27,IND,1265.3718589288735,24.0,10,1,17,-9.0,1,-389.0,337.0
2011-11-13,@ IND,1,0,JAX vs. IND,IND,1230.881751233811,28.0,3,JAX,1393.0497097845303,20.0,17,0,-14,3.0,0,132.0,-146.0
2011-12-04,@ NWE,0,0,IND vs. NWE,NWE,1669.713394811461,3.0,31,IND,1167.1611561354775,32.0,24,1,7,-20.5,0,-2400.0,1300.0
2011-12-18,@ IND,1,0,TEN vs. IND,IND,1265.3718589288735,24.0,27,TEN,1483.423372185278,13.0,13,1,14,6.5,1,252.0,-285.0
2012-01-01,@ JAX,1,0,IND vs. JAX,JAX,1393.0497097845303,20.0,19,IND,1230.881751233811,28.0,13,1,6,-3.0,1,-166.0,150.0
2011-09-11,@ JAX,1,0,TEN vs. JAX,JAX,1500.0,1.0,16,TEN,1500.0,1.0,14,1,2,1.0,1,-102.0,-108.0
2011-09-18,@ NYJ,0,0,JAX vs. NYJ,NYJ,1550.0,1.0,32,JAX,1550.0,1.0,3,1,29,-9.0,1,-380.0,330.0
2011-10-02,@ JAX,0,0,NOR vs. JAX,JAX,1437.8712080630235,19.0,10,NOR,1574.2205165379482,4.0,23,0,-13,9.0,0,326.0,-375.0
2011-10-16,@ PIT,0,0,JAX vs. PIT,PIT,1551.8672525147833,8.0,17,JAX,1371.4562319634788,20.0,13,1,4,-12.5,0,-606.0,502.0
2011-12-05,@ JAX,0,0,LAC vs. JAX,JAX,1347.7921781192051,27.0,14,LAC,1368.0047488252378,19.0,38,0,-24,3.0,0,146.0,-162.0
2011-12-11,@ JAX,0,0,TAM vs. JAX,JAX,1300.6977236689477,29.0,41,TAM,1326.989922738083,23.0,14,1,27,3.0,1,132.0,-146.0
2011-12-24,@ TEN,1,0,JAX vs. TEN,TEN,1500.0,1.0,23,JAX,1500.0,1.0,17,1,6,-8.5,0,-385.0,334.0
2011-09-25,@ LAC,1,0,KAN vs. LAC,LAC,1500.0,8.0,20,KAN,1414.0064999802885,26.0,17,1,3,-14.0,0,-1035.0,780.0
2011-10-02,@ KAN,0,0,MIN vs. KAN,KAN,1376.135291917265,28.0,22,MIN,1374.472329358533,28.0,17,1,5,3.0,1,136.0,-150.0
2011-10-23,@ LVR,1,0,KAN vs. LVR,LVR,1610.0085071401236,6.0,0,KAN,1463.604273100318,15.0,28,0,-28,-3.5,0,-180.0,162.0
2011-10-31,@ KAN,1,0,LAC vs. KAN,KAN,1414.0064999802885,26.0,23,LAC,1500.0,8.0,20,1,3,3.0,1,143.0,-158.0
2011-11-06,@ KAN,0,0,MIA vs. KAN,KAN,1583.37540008972,11.0,3,MIA,1259.756777804143,25.0,31,0,-28,-5.0,0,-230.0,205.0
2011-11-21,@ NWE,0,0,KAN vs. NWE,NWE,1614.20693014679,6.0,34,KAN,1443.7483673461643,18.0,3,1,31,-17.0,1,-1700.0,1125.0
2011-11-27,@ KAN,0,0,PIT vs. KAN,KAN,1416.4837539208777,16.0,9,PIT,1650.4158486881208,3.0,13,0,-4,10.5,1,423.0,-500.0
2011-12-11,@ NYJ,0,0,KAN vs. NYJ,NYJ,1561.2362138995031,8.0,37,KAN,1473.564822629231,18.0,10,1,27,-10.5,1,-550.0,461.0
2011-12-24,@ KAN,1,0,LVR vs. KAN,KAN,1463.604273100318,15.0,13,LVR,1610.0085071401236,6.0,16,0,-3,-3.0,0,-145.0,131.0
2011-09-11,@ LAC,0,0,MIN vs. LAC,LAC,1500.0,1.0,24,MIN,1500.0,1.0,17,1,7,-9.0,0,-453.0,387.0
2011-09-18,@ NWE,0,0,LAC vs. NWE,NWE,1550.0,1.0,35,LAC,1550.0,1.0,21,1,14,-6.5,1,-275.0,244.0
2011-10-02,@ LAC,0,0,MIA vs. LAC,LAC,1537.8712080630235,4.0,26,MIA,1376.135291917265,28.0,16,1,10,-6.5,1,-305.0,269.0
2011-10-23,@ NYJ,0,0,LAC vs. NYJ,NYJ,1486.2106282025316,14.0,27,LAC,1598.154771465258,3.0,21,1,6,1.0,1,-105.0,-105.0
2011-11-10,@ LAC,1,0,LVR vs. LAC,LAC,1461.028645700219,14.0,17,LVR,1471.8660910196836,14.0,24,0,-7,-7.5,0,-330.0,289.0
2012-01-01,@ LVR,1,0,LAC vs. LVR,LVR,1471.8660910196836,14.0,26,LAC,1461.028645700219,14.0,38,0,-12,-2.5,0,-130.0,118.0
2011-09-11,@ LAR,0,0,PHI vs. LAR,LAR,1500.0,1.0,13,PHI,1500.0,1.0,31,0,-18,3.5,0,180.0,-200.0
2011-09-19,@ NYG,0,0,LAR vs. NYG,NYG,1450.0,17.0,28,LAR,1450.0,17.0,16,1,12,-7.0,1,-310.0,273.0
2011-10-02,@ LAR,0,0,WAS vs. LAR,LAR,1362.1287919369765,28.0,10,WAS,1537.8712080630235,4.0,17,0,-7,3.0,0,131.0,-145.0
2011-10-30,@ LAR,0,0,NOR vs. LAR,LAR,1296.423436217558,24.0,31,NOR,1582.972908847039,2.0,21,1,10,13.5,1,704.0,-900.0
2011-11-20,@ LAR,1,0,SEA vs. LAR,LAR,1385.8822251730728,28.0,7,SEA,1440.9305495657647,22.0,24,0,-17,-3.0,0,-158.0,143.0
2011-12-04,@ SFO,1,0,LAR vs. SFO,SFO,1699.889974227025,2.0,26,LAR,1303.4500463006225,30.0,0,1,26,-14.0,1,-800.0,638.0
2011-12-12,@ SEA,1,0,LAR vs. SEA,SEA,1440.9305495657647,22.0,30,LAR,1385.8822251730728,28.0,13,1,17,-9.0,1,-370.0,322.0
2011-12-24,@ PIT,0,0,LAR vs. PIT,PIT,1657.077353948611,5.0,27,LAR,1246.2019885490765,30.0,0,1,27,-10.0,1,-485.0,412.0
2012-01-01,@ LAR,1,0,SFO vs. LAR,LAR,1303.4500463006225,30.0,27,SFO,1699.889974227025,2.0,34,0,-7,12.5,1,577.0,-711.0
2011-09-25,@ LVR,0,0,NYJ vs. LVR,LVR,1500.0,8.0,34,NYJ,1600.0,1.0,24,1,10,1.0,1,120.0,-133.0
2011-10-02,@ LVR,0,0,NWE vs. LVR,LVR,1564.0064999802885,4.0,19,NWE,1550.0,4.0,31,0,-12,6.0,0,231.0,-260.0
2011-11-20,@ MIN,0,0,LVR vs. MIN,MIN,1385.7048966047446,28.0,21,LVR,1520.306962902837,12.0,27,0,-6,-1.0,0,-127.0,115.0
2011-12-04,@ MIA,0,0,LVR vs. MIA,MIA,1425.8383121574122,27.0,34,LVR,1619.581777932003,8.0,14,1,20,-3.5,1,-168.0,152.0
2011-09-12,@ MIA,1,0,NWE vs. MIA,MIA,1500.0,1.0,24,NWE,1500.0,1.0,38,0,-14,7.0,0,289.0,-330.0
2011-10-17,@ NYJ,1,0,MIA vs. NYJ,NYJ,1450.5760506592212,15.0,24,MIA,1347.8636468371483,29.0,6,1,18,-7.0,1,-372.0,323.0
2011-10-30,@ NYG,0,0,MIA vs. NYG,NYG,1572.5326796308213,6.0,20,MIA,1275.0407345748783,24.0,17,1,3,-9.5,0,-500.0,423.0
2011-11-13,@ MIA,0,0,WAS vs. MIA,MIA,1346.3202216790512,26.0,20,WAS,1374.0389524473273,20.0,9,1,11,-4.0,1,-213.0,191.0
2011-12-11,@ MIA,0,0,PHI vs. MIA,MIA,1501.1494726978813,23.0,10,PHI,1395.172031749437,23.0,26,0,-16,-3.0,0,-130.0,118.0
2011-12-24,@ NWE,1,0,MIA vs. NWE,NWE,1500.0,1.0,27,MIA,1500.0,1.0,24,1,3,-7.5,0,-350.0,305.0
2012-01-01,@ MIA,1,0,NYJ vs. MIA,MIA,1347.8636468371483,29.0,19,NYJ,1450.5760506592212,15.0,17,1,2,-1.5,1,-120.0,109.0
2011-09-18,@ MIN,0,0,TAM vs. MIN,MIN,1450.0,17.0,20,TAM,1450.0,17.0,24,0,-4,-1.0,0,-112.0,102.0
2011-12-18,@ MIN,0,0,NOR vs. MIN,MIN,1291.2806276945637,30.0,20,NOR,1713.485010392848,2.0,42,0,-22,7.0,0,281.0,-320.0
2011-12-24,@ WAS,0,0,MIN vs. WAS,WAS,1408.1186830641977,23.0,26,MIN,1283.192283342342,30.0,33,0,-7,-6.0,0,-255.0,227.0
2011-10-09,@ NWE,1,0,NYJ vs. NWE,NWE,1602.0146061080266,3.0,30,NYJ,1484.2487352575229,14.0,21,1,9,-7.5,1,-360.0,314.0
2011-10-30,@ PIT,0,0,NWE vs. PIT,PIT,1598.3352664793003,2.0,25,NWE,1671.0892134041915,2.0,17,1,8,3.0,1,152.0,-169.0
2011-11-06,@ NWE,0,0,NYG vs. NWE,NWE,1610.7694780575607,4.0,20,NYG,1587.8166364015567,4.0,24,0,-4,-9.5,0,-510.0,431.0
2011-11-13,@ NYJ,1,0,NWE vs. NYJ,NYJ,1484.2487352575229,14.0,16,NWE,1602.0146061080266,3.0,37,0,-21,-2.5,0,-136.0,123.0
2011-11-27,@ PHI,0,0,NWE vs. PHI,PHI,1479.4803175668892,16.0,20,NWE,1641.4715435720766,3.0,38,0,-18,3.0,0,129.0,-143.0
2011-12-11,@ WAS,0,0,NWE vs. WAS,WAS,1345.1652607501917,23.0,27,NWE,1674.9638451812345,3.0,34,0,-7,7.5,1,282.0,-321.0
2011-10-16,@ TAM,1,0,NOR vs. TAM,TAM,1526.5931647834007,8.0,26,NOR,1631.3855472101898,3.0,20,1,6,6.0,1,228.0,-257.0
2011-11-06,@ NOR,1,0,TAM vs. NOR,NOR,1631.3855472101898,3.0,27,TAM,1526.5931647834007,8.0,16,1,11,-9.0,1,-455.0,389.0
2011-11-28,@ NOR,0,0,NYG vs. NOR,NOR,1609.6922424768816,3.0,49,NYG,1526.731011147348,7.0,24,1,25,-7.0,1,-310.0,273.0
2011-12-11,@ TEN,0,0,NOR vs. TEN,TEN,1536.2889959972972,8.0,17,NOR,1683.4857392205183,3.0,22,0,-5,3.5,0,158.0,-175.0
2012-01-14,@ SFO,0,1,NOR vs. SFO,SFO,1731.521540149638,2.0,36,NOR,1799.3364065208823,1.0,32,1,4,3.5,1,149.0,-165.0
2011-09-11,@ WAS,1,0,NYG vs. WAS,WAS,1500.0,1.0,28,NYG,1500.0,1.0,14,1,14,1.0,1,101.0,-111.0
2011-09-25,@ PHI,1,0,NYG vs. PHI,PHI,1485.9935000197115,8.0,16,NYG,1500.0,8.0,29,0,-13,-9.0,0,-389.0,337.0
2011-10-09,@ NYG,0,0,SEA vs. NYG,NYG,1582.4043965769608,3.0,25,SEA,1413.716578105056,22.0,36,0,-11,-10.0,0,-450.0,385.0
2011-11-13,@ SFO,0,0,NYG vs. SFO,SFO,1722.363891789185,2.0,27,NYG,1641.115018752891,3.0,20,1,7,-4.0,1,-205.0,184.0
2011-11-20,@ NYG,1,0,PHI vs. NYG,NYG,1500.0,8.0,10,PHI,1485.9935000197115,8.0,17,0,-7,-6.0,0,-225.0,201.0
2011-12-18,@ NYG,1,0,WAS vs. NYG,NYG,1500.0,1.0,10,WAS,1500.0,1.0,23,0,-13,-5.5,0,-260.0,231.0
2011-12-24,@ NYJ,0,0,NYG vs. NYJ,NYJ,1529.8905156110595,10.0,14,NYG,1456.2209207286455,14.0,29,0,-15,-1.5,0,-150.0,136.0
2012-01-22,@ SFO,0,1,NYG vs. SFO,SFO,1791.158807049272,2.0,17,NYG,1684.4768322915102,6.0,20,0,-3,-4.0,0,-205.0,184.0
2011-12-04,@ WAS,0,0,NYJ vs. WAS,WAS,1373.7747775330288,19.0,19,NYJ,1532.626697116666,14.0,34,0,-15,3.0,0,152.0,-168.0
2011-12-18,@ PHI,0,0,NYJ vs. PHI,PHI,1459.967370889855,21.0,45,NYJ,1598.8804303916145,8.0,19,1,26,-3.0,1,-163.0,147.0
2011-10-02,@ PHI,0,0,SFO vs. PHI,PHI,1438.008106127738,19.0,23,SFO,1535.9935000197115,4.0,24,0,-1,-9.5,0,-500.0,423.0
2011-10-16,@ WAS,1,0,PHI vs. WAS,WAS,1564.5368234896355,3.0,13,PHI,1374.525629232428,20.0,20,0,-7,3.0,0,133.0,-147.0
2011-12-01,@ SEA,0,0,PHI vs. SEA,SEA,1408.8758706585795,19.0,31,PHI,1451.2384663275047,19.0,14,1,17,3.0,1,142.0,-157.0
2012-01-01,@ PHI,1,0,WAS vs. PHI,PHI,1374.525629232428,20.0,34,WAS,1564.5368234896355,3.0,10,1,24,-7.0,1,-320.0,281.0
2011-09-18,@ PIT,0,0,SEA vs. PIT,PIT,1450.0,17.0,24,SEA,1450.0,17.0,0,1,24,-13.5,1,-750.0,604.0
2011-10-09,@ PIT,0,0,TEN vs. PIT,PIT,1484.524008194847,14.0,38,TEN,1610.2524073849054,3.0,17,1,21,-3.0,1,-173.0,156.0
2011-12-19,@ SFO,0,0,PIT vs. SFO,SFO,1634.7304185602466,2.0,20,PIT,1718.9680329216562,2.0,3,1,17,-3.0,1,-160.0,144.0
2011-09-11,@ SFO,1,0,SEA vs. SFO,SFO,1500.0,1.0,33,SEA,1500.0,1.0,17,1,16,-6.0,1,-239.0,213.0
2011-11-27,@ SEA,0,0,WAS vs. SEA,SEA,1483.0740914460923,16.0,17,WAS,1299.576556745516,22.0,23,0,-6,-3.0,0,-140.0,127.0
2011-12-24,@ SEA,1,0,SFO vs. SEA,SEA,1500.0,1.0,17,SFO,1500.0,1.0,19,0,-2,1.5,0,111.0,-123.0
2011-10-09,@ SFO,0,0,TAM vs. SFO,SFO,1572.2546056045694,3.0,48,TAM,1577.322431893039,3.0,3,1,45,-2.5,1,-140.0,127.0
2011-11-06,@ WAS,0,0,SFO vs. WAS,WAS,1387.6440374123329,14.0,11,SFO,1708.7588068241794,1.0,19,0,-8,5.0,0,214.0,-240.0
2011-11-27,@ TEN,0,0,TAM vs. TEN,TEN,1459.3021013744888,12.0,23,TAM,1428.425568011302,16.0,17,1,6,-3.0,1,-170.0,153.0
