G,Week,Date,Day,Location,Opp,W/L,Tm Pts,Opp Pts,OT,Pass Cmp,Pass Att,Pass Cmp %,Pass Yds,Pass TD,Pass Y/A,Pass Adj Y/A,Pass Rate,Sacks,Sack Yds,Rush Att,Rush Yds,Rush Y/A,Rush TD,Tot Plays,Tot Yds,Avg Yds,FGA,FGM,XPA,XPM,Punt Att,Punt Yds,1st Dwn Pass,1st Dwn Rush,1st Dwn Penalty,Tot 1st Dwn,3rd Dwn Conv,3rd Dwn Att,4th Dwn Conv,4th Dwn Att,Pen,Pen Yds,Fmbl,Int,Tot TO,ToP,Opp Pass Cmp,Opp Pass Att,Opp Pass Cmp %,Opp Pass Yds,Opp Pass TD,Opp Pass Y/A,Opp Pass Adj Y/A,Opp Pass Rate,Opp Sacks,Opp Sack Yds,Opp Rush Att,Opp Rush Yds,Opp Rush Y/A,Opp Rush TD,Opp Tot Plays,Opp Tot Yds,Opp Avg Yds,Opp FGA,Opp FGM,Opp XPA,Opp XPM,Opp Punt Att,Opp Punt Yds,Opp 1st Dwn Pass,Opp 1st Dwn Rush,Opp 1st Dwn Penalty,Opp Tot 1st Dwn,Opp 3rd Dwn Conv,Opp 3rd Dwn Att,Opp 4th Dwn Conv,Opp 4th Dwn Att,Opp Pen,Opp Pen Yds,Opp Fmbl,Opp Int,Opp Tot TO,Opp ToP,Playoffs,Tm,Tm Div,Opp Div
1.0,1.0,2025-09-07,Sun,@,NOR,W,20.0,13.0,,21.0,29.0,0.7240000000000001,130.0,2.0,4.5,5.86,104.1,5.0,33.0,27.0,146.0,5.407407407407407,5.4,61.0,276.0,4.52,3.0,2.0,2.0,2.0,4.0,188.0,11.0,5.0,3.0,19.0,6.0,13.0,0.0,0.0,9.0,54.0,0.0,0.0,0.0,33:46,27.0,46.0,0.5870000000000001,208.0,0.0,4.5,4.52,69.8,1.0,6.0,22.0,107.0,4.863636363636363,4.9,69.0,315.0,4.57,3.0,2.0,1.0,1.0,4.0,202.0,12.0,5.0,4.0,21.0,5.0,14.0,1.0,2.0,13.0,89.0,0.0,0.0,0.0,26:14,0,ARI,NFC West,NFC South
2.0,2.0,2025-09-14,Sun,,CAR,W,27.0,22.0,,17.0,25.0,0.68,211.0,1.0,8.4,7.44,90.6,1.0,9.0,22.0,82.0,3.727272727272727,3.7,48.0,293.0,6.1,2.0,2.0,3.0,3.0,2.0,123.0,10.0,5.0,1.0,16.0,3.0,9.0,1.0,1.0,12.0,96.0,0.0,1.0,1.0,26:45,35.0,55.0,0.636,303.0,3.0,5.5,5.78,88.7,3.0,25.0,19.0,49.0,2.5789473684210527,2.6,77.0,352.0,4.57,1.0,1.0,1.0,1.0,2.0,95.0,19.0,4.0,3.0,26.0,5.0,15.0,3.0,4.0,7.0,83.0,1.0,1.0,2.0,33:15,0,ARI,NFC West,NFC South
3.0,3.0,2025-09-21,Sun,@,SFO,L,15.0,16.0,,22.0,35.0,0.629,154.0,1.0,4.4,4.97,82.3,1.0,5.0,28.0,106.0,3.7857142857142856,3.8,64.0,260.0,4.06,3.0,2.0,1.0,1.0,5.0,258.0,8.0,7.0,1.0,16.0,5.0,15.0,2.0,2.0,5.0,30.0,0.0,0.0,0.0,34:39,27.0,41.0,0.659,282.0,1.0,6.9,6.27,83.6,1.0,2.0,20.0,73.0,3.65,3.7,62.0,355.0,5.73,3.0,3.0,1.0,1.0,3.0,128.0,14.0,4.0,1.0,19.0,2.0,10.0,1.0,2.0,5.0,69.0,0.0,1.0,1.0,25:21,0,ARI,NFC West,NFC West
4.0,4.0,2025-09-25,Thu,,SEA,L,20.0,23.0,,27.0,41.0,0.659,164.0,2.0,4.0,2.78,69.6,6.0,36.0,17.0,89.0,5.235294117647059,5.2,64.0,253.0,3.95,2.0,2.0,2.0,2.0,4.0,202.0,13.0,2.0,3.0,18.0,6.0,15.0,1.0,1.0,7.0,46.0,0.0,2.0,2.0,27:36,18.0,26.0,0.6920000000000001,229.0,1.0,8.8,9.58,109.3,3.0,13.0,35.0,155.0,4.428571428571429,4.4,64.0,384.0,6.0,4.0,3.0,2.0,2.0,3.0,147.0,11.0,6.0,3.0,20.0,6.0,13.0,0.0,1.0,6.0,74.0,1.0,0.0,1.0,32:24,0,ARI,NFC West,NFC West
5.0,5.0,2025-10-05,Sun,,TEN,L,21.0,22.0,,23.0,32.0,0.7190000000000001,192.0,0.0,6.0,6.0,87.0,3.0,28.0,29.0,168.0,5.793103448275862,5.8,64.0,360.0,5.63,0.0,0.0,3.0,3.0,7.0,367.0,8.0,7.0,1.0,16.0,7.0,16.0,0.0,0.0,8.0,47.0,3.0,0.0,3.0,32:40,21.0,39.0,0.5379999999999999,249.0,0.0,6.4,5.23,62.9,2.0,16.0,24.0,78.0,3.25,3.3,65.0,327.0,5.03,3.0,3.0,2.0,1.0,5.0,271.0,12.0,6.0,2.0,20.0,5.0,15.0,0.0,1.0,6.0,35.0,1.0,1.0,2.0,27:20,0,ARI,NFC West,AFC South
6.0,6.0,2025-10-12,Sun,@,IND,L,27.0,31.0,,27.0,44.0,0.614,312.0,2.0,7.1,6.98,88.4,2.0,8.0,24.0,88.0,3.6666666666666665,3.7,70.0,400.0,5.71,2.0,2.0,3.0,3.0,2.0,92.0,17.0,7.0,1.0,25.0,9.0,14.0,0.0,1.0,7.0,65.0,0.0,1.0,1.0,32:05,22.0,30.0,0.733,205.0,2.0,6.8,6.67,100.0,1.0,7.0,27.0,150.0,5.555555555555555,5.6,58.0,355.0,6.12,1.0,1.0,4.0,4.0,3.0,165.0,13.0,11.0,1.0,25.0,4.0,8.0,0.0,0.0,5.0,40.0,0.0,1.0,1.0,27:55,0,ARI,NFC West,AFC South
1.0,1.0,2025-09-07,Sun,,TAM,L,20.0,23.0,,27.0,42.0,0.643,289.0,1.0,6.9,7.36,92.3,1.0,9.0,28.0,69.0,2.4642857142857144,2.5,71.0,358.0,5.04,3.0,2.0,2.0,2.0,3.0,140.0,16.0,4.0,3.0,23.0,6.0,15.0,3.0,4.0,8.0,55.0,0.0,0.0,0.0,35:12,17.0,32.0,0.531,159.0,3.0,5.0,6.84,98.3,1.0,8.0,23.0,101.0,4.391304347826087,4.4,56.0,260.0,4.64,2.0,1.0,3.0,2.0,4.0,205.0,10.0,5.0,1.0,16.0,7.0,14.0,1.0,1.0,5.0,60.0,0.0,0.0,0.0,24:48,0,ATL,NFC South,NFC South
2.0,2.0,2025-09-14,Sun,@,MIN,W,22.0,6.0,,13.0,21.0,0.619,108.0,0.0,5.1,5.14,75.1,3.0,27.0,39.0,218.0,5.589743589743589,5.6,63.0,326.0,5.17,5.0,5.0,1.0,1.0,3.0,137.0,5.0,12.0,2.0,19.0,6.0,15.0,0.0,0.0,5.0,29.0,1.0,0.0,1.0,36:32,11.0,21.0,0.524,120.0,0.0,5.7,1.43,30.0,6.0,38.0,19.0,78.0,4.105263157894737,4.1,46.0,198.0,4.3,2.0,2.0,0.0,0.0,4.0,204.0,7.0,3.0,0.0,10.0,4.0,11.0,1.0,2.0,8.0,50.0,2.0,2.0,4.0,23:28,0,ATL,NFC South,NFC North
3.0,3.0,2025-09-21,Sun,@,CAR,L,0.0,30.0,,23.0,43.0,0.535,201.0,0.0,4.7,2.58,46.8,0.0,0.0,23.0,131.0,5.695652173913044,5.7,66.0,332.0,5.03,2.0,0.0,0.0,0.0,3.0,96.0,11.0,6.0,0.0,17.0,5.0,13.0,0.0,3.0,3.0,23.0,1.0,2.0,3.0,28:02,16.0,24.0,0.667,114.0,0.0,4.8,4.75,77.4,1.0,7.0,30.0,110.0,3.6666666666666665,3.7,55.0,224.0,4.07,3.0,3.0,3.0,3.0,3.0,135.0,7.0,7.0,1.0,15.0,3.0,11.0,2.0,2.0,6.0,55.0,1.0,0.0,1.0,31:58,0,ATL,NFC South,NFC South
4.0,4.0,2025-09-28,Sun,,WAS,W,34.0,27.0,,20.0,26.0,0.769,307.0,2.0,11.8,11.62,125.0,1.0,6.0,37.0,128.0,3.45945945945946,3.5,64.0,435.0,6.8,2.0,2.0,4.0,4.0,2.0,92.0,14.0,9.0,1.0,24.0,6.0,12.0,1.0,1.0,5.0,45.0,0.0,1.0,1.0,34:15,16.0,27.0,0.593,147.0,2.0,5.4,5.26,83.4,2.0,9.0,22.0,147.0,6.681818181818182,6.7,51.0,294.0,5.76,4.0,4.0,1.0,1.0,2.0,89.0,8.0,7.0,2.0,17.0,1.0,8.0,2.0,2.0,6.0,50.0,0.0,1.0,1.0,25:45,0,ATL,NFC South,NFC East
5.0,6.0,2025-10-13,Mon,,BUF,W,24.0,14.0,,20.0,32.0,0.625,233.0,1.0,7.3,7.91,94.9,2.0,17.0,32.0,210.0,6.5625,6.6,66.0,443.0,6.71,2.0,1.0,3.0,3.0,4.0,180.0,10.0,9.0,3.0,22.0,5.0,12.0,0.0,1.0,6.0,35.0,0.0,0.0,0.0,31:39,15.0,26.0,0.5770000000000001,157.0,2.0,6.0,4.12,68.9,4.0,23.0,24.0,134.0,5.583333333333333,5.6,54.0,291.0,5.39,0.0,0.0,2.0,2.0,6.0,273.0,8.0,7.0,2.0,17.0,2.0,9.0,0.0,1.0,8.0,64.0,0.0,2.0,2.0,28:21,0,ATL,NFC South,AFC East
1.0,1.0,2025-09-07,Sun,@,BUF,L,40.0,41.0,,14.0,19.0,0.737,194.0,2.0,10.2,12.32,141.1,2.0,15.0,29.0,238.0,8.206896551724139,8.2,50.0,432.0,8.64,2.0,2.0,5.0,4.0,3.0,152.0,8.0,10.0,1.0,19.0,6.0,11.0,0.0,0.0,7.0,51.0,1.0,0.0,1.0,25:11,33.0,46.0,0.7170000000000001,389.0,2.0,8.5,9.33,111.6,1.0,5.0,31.0,108.0,3.4838709677419355,3.5,78.0,497.0,6.37,3.0,3.0,2.0,2.0,4.0,158.0,18.0,9.0,2.0,29.0,7.0,15.0,1.0,1.0,5.0,38.0,0.0,0.0,0.0,34:49,0,BAL,AFC North,AFC East
2.0,2.0,2025-09-14,Sun,,CLE,W,41.0,17.0,,19.0,29.0,0.655,197.0,4.0,6.8,9.55,124.6,3.0,28.0,21.0,45.0,2.142857142857143,2.1,53.0,242.0,4.57,2.0,2.0,5.0,5.0,5.0,259.0,10.0,2.0,2.0,14.0,3.0,12.0,1.0,1.0,6.0,28.0,0.0,0.0,0.0,28:11,28.0,48.0,0.583,207.0,2.0,4.3,4.21,73.9,2.0,11.0,22.0,115.0,5.227272727272728,5.2,72.0,322.0,4.47,1.0,1.0,2.0,2.0,6.0,223.0,10.0,7.0,0.0,17.0,7.0,18.0,1.0,3.0,6.0,42.0,1.0,1.0,2.0,31:49,0,BAL,AFC North,AFC North
3.0,3.0,2025-09-22,Mon,,DET,L,30.0,38.0,,21.0,28.0,0.75,233.0,3.0,8.3,10.46,135.0,7.0,55.0,19.0,85.0,4.473684210526316,4.5,54.0,318.0,5.89,1.0,1.0,3.0,3.0,3.0,157.0,14.0,4.0,3.0,21.0,6.0,11.0,0.0,1.0,3.0,10.0,1.0,0.0,1.0,26:42,20.0,28.0,0.7140000000000001,202.0,1.0,7.2,7.93,103.6,0.0,0.0,38.0,224.0,5.894736842105263,5.9,66.0,426.0,6.45,2.0,1.0,5.0,5.0,3.0,146.0,11.0,12.0,1.0,24.0,7.0,14.0,3.0,3.0,8.0,68.0,0.0,0.0,0.0,33:18,0,BAL,AFC North,NFC North
4.0,4.0,2025-09-28,Sun,@,KAN,L,20.0,37.0,,23.0,33.0,0.6970000000000001,194.0,1.0,5.9,5.12,82.1,3.0,5.0,17.0,166.0,9.764705882352942,9.8,53.0,360.0,6.79,2.0,2.0,2.0,2.0,1.0,50.0,10.0,7.0,1.0,18.0,3.0,10.0,1.0,4.0,6.0,56.0,1.0,1.0,2.0,25:15,25.0,37.0,0.6759999999999999,264.0,4.0,7.1,9.3,124.2,1.0,6.0,32.0,118.0,3.6875,3.7,70.0,382.0,5.46,4.0,3.0,4.0,4.0,1.0,37.0,15.0,8.0,1.0,24.0,5.0,15.0,4.0,4.0,5.0,40.0,0.0,0.0,0.0,34:45,0,BAL,AFC North,AFC West
5.0,5.0,2025-10-05,Sun,,HOU,L,10.0,44.0,,14.0,20.0,0.7,163.0,0.0,8.2,1.4,54.8,1.0,16.0,19.0,44.0,2.3157894736842106,2.3,40.0,207.0,5.18,2.0,1.0,1.0,1.0,4.0,182.0,7.0,4.0,1.0,12.0,3.0,8.0,0.0,0.0,9.0,49.0,0.0,3.0,3.0,23:27,25.0,31.0,0.8059999999999999,250.0,4.0,8.1,10.65,139.9,2.0,17.0,33.0,167.0,5.0606060606060606,5.1,66.0,417.0,6.32,3.0,3.0,5.0,5.0,1.0,59.0,15.0,8.0,4.0,27.0,7.0,12.0,1.0,1.0,4.0,26.0,0.0,0.0,0.0,36:33,0,BAL,AFC North,AFC South
6.0,6.0,2025-10-12,Sun,,LAR,L,3.0,17.0,,21.0,34.0,0.618,117.0,0.0,3.4,2.12,55.6,4.0,23.0,37.0,179.0,4.837837837837838,4.8,75.0,296.0,3.95,1.0,1.0,0.0,0.0,1.0,53.0,6.0,11.0,2.0,19.0,7.0,17.0,2.0,6.0,7.0,80.0,2.0,1.0,3.0,37:55,17.0,26.0,0.654,167.0,1.0,6.4,7.19,96.2,2.0,14.0,23.0,74.0,3.217391304347826,3.2,51.0,241.0,4.73,2.0,1.0,2.0,2.0,2.0,113.0,10.0,4.0,1.0,15.0,4.0,10.0,1.0,2.0,6.0,40.0,1.0,0.0,1.0,22:05,0,BAL,AFC North,NFC West
1.0,1.0,2025-09-07,Sun,,BAL,W,41.0,40.0,,33.0,46.0,0.7170000000000001,389.0,2.0,8.5,9.33,111.6,1.0,5.0,31.0,108.0,3.4838709677419355,3.5,78.0,497.0,6.37,3.0,3.0,2.0,2.0,4.0,158.0,18.0,9.0,2.0,29.0,7.0,15.0,1.0,1.0,5.0,38.0,0.0,0.0,0.0,34:49,14.0,19.0,0.737,194.0,2.0,10.2,12.32,141.1,2.0,15.0,29.0,238.0,8.206896551724139,8.2,50.0,432.0,8.64,2.0,2.0,5.0,4.0,3.0,152.0,8.0,10.0,1.0,19.0,6.0,11.0,0.0,0.0,7.0,51.0,1.0,0.0,1.0,25:11,0,BUF,AFC East,AFC North
2.0,2.0,2025-09-14,Sun,@,NYJ,W,30.0,10.0,,15.0,27.0,0.556,179.0,0.0,6.6,6.63,76.0,1.0,1.0,43.0,224.0,5.209302325581396,5.2,71.0,403.0,5.68,3.0,3.0,3.0,3.0,3.0,130.0,9.0,12.0,4.0,25.0,5.0,14.0,2.0,2.0,6.0,69.0,0.0,0.0,0.0,38:21,10.0,22.0,0.455,54.0,1.0,2.5,3.36,67.6,4.0,29.0,21.0,100.0,4.761904761904762,4.8,47.0,154.0,3.28,1.0,1.0,1.0,1.0,7.0,340.0,5.0,5.0,1.0,11.0,0.0,11.0,3.0,3.0,5.0,35.0,1.0,0.0,1.0,21:39,0,BUF,AFC East,AFC East
3.0,3.0,2025-09-18,Thu,,MIA,W,31.0,21.0,,22.0,28.0,0.7859999999999999,203.0,3.0,7.3,9.39,132.6,2.0,10.0,27.0,157.0,5.814814814814815,5.8,57.0,360.0,6.32,2.0,1.0,4.0,4.0,2.0,95.0,12.0,8.0,3.0,23.0,6.0,11.0,0.0,0.0,3.0,35.0,0.0,0.0,0.0,31:47,22.0,34.0,0.647,146.0,2.0,4.3,4.15,81.2,0.0,0.0,25.0,130.0,5.2,5.2,59.0,276.0,4.68,0.0,0.0,3.0,3.0,4.0,200.0,11.0,8.0,0.0,19.0,10.0,15.0,1.0,1.0,6.0,57.0,0.0,1.0,1.0,28:13,0,BUF,AFC East,AFC East
4.0,4.0,2025-09-28,Sun,,NOR,W,31.0,19.0,,16.0,22.0,0.727,191.0,2.0,8.7,8.45,110.2,3.0,18.0,32.0,165.0,5.15625,5.2,57.0,356.0,6.25,1.0,1.0,4.0,4.0,2.0,83.0,10.0,9.0,1.0,20.0,3.0,10.0,0.0,1.0,11.0,55.0,0.0,1.0,1.0,31:21,18.0,28.0,0.643,109.0,1.0,3.9,3.0,68.9,3.0,17.0,34.0,189.0,5.5588235294117645,5.6,65.0,298.0,4.58,2.0,2.0,1.0,1.0,3.0,142.0,7.0,14.0,1.0,22.0,5.0,13.0,0.0,2.0,4.0,41.0,0.0,1.0,1.0,28:39,0,BUF,AFC East,NFC South
5.0,5.0,2025-10-05,Sun,,NWE,L,20.0,23.0,,22.0,31.0,0.71,245.0,2.0,7.9,7.74,102.2,1.0,8.0,29.0,118.0,4.068965517241379,4.1,61.0,363.0,5.95,2.0,2.0,2.0,2.0,2.0,70.0,16.0,5.0,4.0,25.0,5.0,9.0,0.0,0.0,11.0,90.0,2.0,1.0,3.0,34:31,22.0,30.0,0.733,267.0,0.0,8.9,8.9,100.3,4.0,6.0,22.0,71.0,3.227272727272727,3.2,56.0,338.0,6.04,3.0,3.0,2.0,2.0,4.0,191.0,13.0,5.0,3.0,21.0,3.0,9.0,0.0,0.0,8.0,93.0,1.0,0.0,1.0,25:29,0,BUF,AFC East,AFC East
6.0,6.0,2025-10-13,Mon,@,ATL,L,14.0,24.0,,15.0,26.0,0.5770000000000001,157.0,2.0,6.0,4.12,68.9,4.0,23.0,24.0,134.0,5.583333333333333,5.6,54.0,291.0,5.39,0.0,0.0,2.0,2.0,6.0,273.0,8.0,7.0,2.0,17.0,2.0,9.0,0.0,1.0,8.0,64.0,0.0,2.0,2.0,28:21,20.0,32.0,0.625,233.0,1.0,7.3,7.91,94.9,2.0,17.0,32.0,210.0,6.5625,6.6,66.0,443.0,6.71,2.0,1.0,3.0,3.0,4.0,180.0,10.0,9.0,3.0,22.0,5.0,12.0,0.0,1.0,6.0,35.0,0.0,0.0,0.0,31:39,0,BUF,AFC East,NFC South
1.0,1.0,2025-09-07,Sun,@,JAX,L,10.0,26.0,,18.0,35.0,0.514,142.0,1.0,4.1,2.06,47.6,1.0,12.0,25.0,113.0,4.52,4.5,61.0,255.0,4.18,1.0,1.0,1.0,1.0,2.0,86.0,8.0,5.0,2.0,15.0,8.0,15.0,0.0,2.0,4.0,35.0,1.0,2.0,3.0,29:00,19.0,31.0,0.613,178.0,1.0,5.7,4.94,74.4,0.0,0.0,32.0,200.0,6.25,6.3,63.0,378.0,6.0,4.0,4.0,2.0,2.0,2.0,111.0,9.0,10.0,0.0,19.0,5.0,12.0,2.0,2.0,11.0,93.0,0.0,1.0,1.0,31:00,0,CAR,NFC South,AFC South
2.0,2.0,2025-09-14,Sun,@,ARI,L,22.0,27.0,,35.0,55.0,0.636,303.0,3.0,5.5,5.78,88.7,3.0,25.0,19.0,49.0,2.5789473684210527,2.6,77.0,352.0,4.57,1.0,1.0,1.0,1.0,2.0,95.0,19.0,4.0,3.0,26.0,5.0,15.0,3.0,4.0,7.0,83.0,1.0,1.0,2.0,33:15,17.0,25.0,0.68,211.0,1.0,8.4,7.44,90.6,1.0,9.0,22.0,82.0,3.727272727272727,3.7,48.0,293.0,6.1,2.0,2.0,3.0,3.0,2.0,123.0,10.0,5.0,1.0,16.0,3.0,9.0,1.0,1.0,12.0,96.0,0.0,1.0,1.0,26:45,0,CAR,NFC South,NFC West
3.0,3.0,2025-09-21,Sun,,ATL,W,30.0,0.0,,16.0,24.0,0.667,114.0,0.0,4.8,4.75,77.4,1.0,7.0,30.0,110.0,3.6666666666666665,3.7,55.0,224.0,4.07,3.0,3.0,3.0,3.0,3.0,135.0,7.0,7.0,1.0,15.0,3.0,11.0,2.0,2.0,6.0,55.0,1.0,0.0,1.0,31:58,23.0,43.0,0.535,201.0,0.0,4.7,2.58,46.8,0.0,0.0,23.0,131.0,5.695652173913044,5.7,66.0,332.0,5.03,2.0,0.0,0.0,0.0,3.0,96.0,11.0,6.0,0.0,17.0,5.0,13.0,0.0,3.0,3.0,23.0,1.0,2.0,3.0,28:02,0,CAR,NFC South,NFC South
4.0,4.0,2025-09-28,Sun,@,NWE,L,13.0,42.0,,23.0,36.0,0.639,197.0,2.0,5.5,6.58,96.6,1.0,11.0,28.0,129.0,4.607142857142857,4.6,65.0,326.0,5.02,1.0,0.0,2.0,1.0,5.0,231.0,11.0,8.0,2.0,21.0,5.0,14.0,1.0,3.0,5.0,29.0,0.0,0.0,0.0,35:14,14.0,18.0,0.778,203.0,2.0,11.3,13.5,150.7,1.0,0.0,29.0,104.0,3.586206896551724,3.6,48.0,307.0,6.4,0.0,0.0,6.0,6.0,4.0,205.0,8.0,7.0,1.0,16.0,3.0,9.0,1.0,1.0,7.0,54.0,0.0,0.0,0.0,24:46,0,CAR,NFC South,AFC East
5.0,5.0,2025-10-05,Sun,,MIA,W,27.0,24.0,,19.0,30.0,0.633,179.0,2.0,6.0,5.8,88.1,3.0,19.0,32.0,239.0,7.46875,7.5,65.0,418.0,6.43,2.0,2.0,3.0,3.0,3.0,161.0,12.0,8.0,6.0,26.0,5.0,11.0,2.0,2.0,8.0,46.0,1.0,1.0,2.0,31:14,27.0,36.0,0.75,229.0,3.0,6.4,8.03,118.9,3.0,27.0,14.0,19.0,1.3571428571428572,1.4,53.0,248.0,4.68,1.0,1.0,3.0,3.0,6.0,312.0,13.0,2.0,0.0,15.0,5.0,13.0,1.0,1.0,9.0,64.0,0.0,0.0,0.0,28:46,0,CAR,NFC South,AFC East
6.0,6.0,2025-10-12,Sun,,DAL,W,30.0,27.0,,17.0,25.0,0.68,194.0,3.0,7.8,8.36,114.0,1.0,5.0,38.0,216.0,5.684210526315789,5.7,64.0,410.0,6.41,3.0,3.0,3.0,3.0,2.0,98.0,11.0,14.0,2.0,27.0,3.0,8.0,1.0,1.0,6.0,57.0,0.0,1.0,1.0,32:02,25.0,34.0,0.735,261.0,3.0,7.7,9.44,124.8,0.0,0.0,19.0,31.0,1.631578947368421,1.6,53.0,292.0,5.51,2.0,2.0,3.0,3.0,3.0,143.0,12.0,1.0,2.0,15.0,5.0,12.0,2.0,2.0,6.0,37.0,0.0,0.0,0.0,27:58,0,CAR,NFC South,NFC East
1.0,1.0,2025-09-08,Mon,,MIN,L,24.0,27.0,,21.0,35.0,0.6,198.0,1.0,5.7,6.23,85.2,2.0,12.0,26.0,119.0,4.576923076923077,4.6,63.0,317.0,5.03,2.0,1.0,3.0,3.0,6.0,266.0,10.0,7.0,3.0,20.0,3.0,12.0,0.0,1.0,12.0,127.0,1.0,0.0,1.0,32:53,13.0,20.0,0.65,134.0,2.0,6.7,6.45,96.7,3.0,9.0,26.0,120.0,4.615384615384615,4.6,49.0,254.0,5.18,2.0,2.0,1.0,1.0,7.0,333.0,5.0,6.0,3.0,14.0,3.0,12.0,0.0,0.0,8.0,50.0,0.0,1.0,1.0,27:07,0,CHI,NFC North,NFC North
2.0,2.0,2025-09-14,Sun,@,DET,L,21.0,52.0,,21.0,33.0,0.636,205.0,2.0,6.2,6.06,88.6,4.0,29.0,27.0,134.0,4.962962962962963,5.0,64.0,339.0,5.3,0.0,0.0,3.0,3.0,4.0,212.0,11.0,7.0,1.0,19.0,7.0,13.0,0.0,2.0,8.0,50.0,1.0,1.0,2.0,29:40,23.0,28.0,0.821,334.0,5.0,11.9,15.5,156.0,0.0,0.0,30.0,177.0,5.9,5.9,58.0,511.0,8.81,2.0,1.0,7.0,7.0,3.0,147.0,15.0,10.0,0.0,25.0,4.0,10.0,1.0,1.0,3.0,28.0,0.0,0.0,0.0,30:20,0,CHI,NFC North,NFC North
3.0,3.0,2025-09-21,Sun,,DAL,W,31.0,14.0,,19.0,28.0,0.679,298.0,4.0,10.6,13.5,142.6,0.0,0.0,29.0,87.0,3.0,3.0,57.0,385.0,6.75,1.0,1.0,4.0,4.0,4.0,176.0,11.0,7.0,1.0,19.0,8.0,14.0,1.0,1.0,6.0,41.0,0.0,0.0,0.0,27:02,34.0,45.0,0.7559999999999999,275.0,1.0,6.1,3.56,70.1,2.0,17.0,20.0,121.0,6.05,6.1,67.0,396.0,5.91,2.0,2.0,0.0,0.0,2.0,102.0,14.0,6.0,3.0,23.0,3.0,11.0,2.0,3.0,4.0,25.0,1.0,3.0,4.0,32:58,0,CHI,NFC North,NFC East
4.0,4.0,2025-09-28,Sun,@,LVR,W,25.0,24.0,,22.0,37.0,0.595,202.0,1.0,5.5,4.78,72.1,1.0,10.0,26.0,69.0,2.6538461538461537,2.7,64.0,271.0,4.23,4.0,4.0,1.0,1.0,3.0,148.0,10.0,5.0,1.0,16.0,7.0,16.0,1.0,1.0,8.0,60.0,0.0,1.0,1.0,33:10,14.0,21.0,0.667,117.0,2.0,5.6,1.05,73.0,0.0,0.0,31.0,240.0,7.741935483870968,7.7,52.0,357.0,6.87,2.0,1.0,3.0,3.0,1.0,60.0,6.0,10.0,1.0,17.0,2.0,8.0,0.0,1.0,5.0,36.0,1.0,3.0,4.0,26:50,0,CHI,NFC North,AFC West
5.0,6.0,2025-10-13,Mon,@,WAS,W,25.0,24.0,,17.0,29.0,0.586,236.0,1.0,8.1,8.83,96.3,3.0,16.0,27.0,145.0,5.37037037037037,5.4,59.0,381.0,6.46,5.0,4.0,1.0,1.0,2.0,106.0,10.0,8.0,1.0,19.0,3.0,10.0,0.0,1.0,9.0,84.0,0.0,0.0,0.0,28:26,19.0,26.0,0.731,205.0,3.0,7.9,8.46,118.3,3.0,6.0,31.0,124.0,4.0,4.0,60.0,329.0,5.48,2.0,1.0,3.0,3.0,1.0,30.0,11.0,7.0,4.0,22.0,3.0,8.0,1.0,1.0,5.0,40.0,2.0,1.0,3.0,31:34,0,CHI,NFC North,NFC East
1.0,1.0,2025-09-07,Sun,@,CLE,W,17.0,16.0,,14.0,23.0,0.609,95.0,1.0,4.1,5.0,84.5,3.0,18.0,23.0,46.0,2.0,2.0,49.0,141.0,2.88,1.0,1.0,2.0,2.0,6.0,316.0,7.0,3.0,1.0,11.0,7.0,14.0,0.0,0.0,7.0,33.0,0.0,0.0,0.0,24:11,31.0,45.0,0.6890000000000001,278.0,1.0,6.2,4.62,74.1,2.0,12.0,24.0,49.0,2.0416666666666665,2.0,71.0,327.0,4.61,2.0,1.0,2.0,1.0,2.0,97.0,13.0,5.0,4.0,22.0,9.0,16.0,2.0,3.0,7.0,53.0,0.0,2.0,2.0,35:49,0,CIN,AFC North,AFC North
2.0,2.0,2025-09-14,Sun,,JAX,W,31.0,27.0,,28.0,45.0,0.622,302.0,3.0,6.7,5.04,76.3,3.0,15.0,17.0,48.0,2.823529411764706,2.8,65.0,350.0,5.38,1.0,1.0,4.0,4.0,3.0,166.0,17.0,5.0,2.0,24.0,6.0,14.0,1.0,1.0,3.0,29.0,0.0,3.0,3.0,26:49,24.0,42.0,0.5710000000000001,261.0,3.0,6.2,5.5,79.6,1.0,10.0,27.0,139.0,5.148148148148148,5.1,70.0,400.0,5.71,2.0,2.0,3.0,3.0,2.0,95.0,15.0,5.0,1.0,21.0,6.0,13.0,0.0,1.0,6.0,55.0,0.0,2.0,2.0,33:11,0,CIN,AFC North,AFC South
3.0,3.0,2025-09-21,Sun,@,MIN,L,10.0,48.0,,19.0,27.0,0.7040000000000001,118.0,1.0,4.4,1.78,60.4,4.0,22.0,21.0,53.0,2.523809523809524,2.5,52.0,171.0,3.29,1.0,1.0,1.0,1.0,6.0,328.0,6.0,3.0,3.0,12.0,3.0,11.0,0.0,0.0,4.0,45.0,3.0,2.0,5.0,29:04,16.0,24.0,0.667,183.0,2.0,7.6,9.29,117.2,3.0,19.0,31.0,169.0,5.451612903225806,5.5,58.0,352.0,6.07,2.0,2.0,6.0,6.0,5.0,220.0,10.0,10.0,2.0,22.0,4.0,12.0,1.0,1.0,13.0,105.0,0.0,0.0,0.0,30:56,0,CIN,AFC North,NFC North
4.0,4.0,2025-09-29,Mon,@,DEN,L,3.0,28.0,,14.0,25.0,0.56,106.0,0.0,4.2,4.24,66.4,3.0,19.0,15.0,53.0,3.533333333333333,3.5,43.0,159.0,3.7,1.0,1.0,0.0,0.0,8.0,403.0,3.0,3.0,3.0,9.0,2.0,11.0,0.0,0.0,11.0,65.0,0.0,0.0,0.0,22:02,29.0,42.0,0.69,326.0,2.0,7.8,7.64,97.9,0.0,0.0,38.0,186.0,4.894736842105263,4.9,80.0,512.0,6.4,0.0,0.0,4.0,4.0,4.0,199.0,17.0,11.0,1.0,29.0,8.0,14.0,0.0,1.0,7.0,72.0,0.0,1.0,1.0,37:58,0,CIN,AFC North,AFC West
5.0,5.0,2025-10-05,Sun,,DET,L,24.0,37.0,,26.0,40.0,0.65,237.0,3.0,5.9,4.05,74.7,2.0,14.0,16.0,85.0,5.3125,5.3,58.0,322.0,5.55,1.0,1.0,3.0,3.0,4.0,220.0,12.0,4.0,5.0,21.0,4.0,11.0,0.0,0.0,6.0,30.0,0.0,3.0,3.0,25:39,20.0,24.0,0.833,247.0,4.0,10.3,13.63,149.1,4.0,14.0,33.0,118.0,3.575757575757576,3.6,61.0,365.0,5.98,0.0,0.0,5.0,5.0,5.0,224.0,15.0,7.0,1.0,23.0,2.0,8.0,0.0,0.0,8.0,56.0,1.0,0.0,1.0,34:21,0,CIN,AFC North,NFC North
6.0,6.0,2025-10-12,Sun,@,GNB,L,18.0,27.0,,29.0,45.0,0.644,213.0,2.0,4.7,5.62,90.3,1.0,6.0,16.0,55.0,3.4375,3.4,62.0,268.0,4.32,3.0,1.0,1.0,1.0,4.0,211.0,12.0,5.0,3.0,20.0,6.0,15.0,2.0,2.0,3.0,17.0,0.0,0.0,0.0,27:16,19.0,26.0,0.731,256.0,1.0,9.8,8.88,100.8,1.0,3.0,33.0,153.0,4.636363636363637,4.6,60.0,409.0,6.82,2.0,2.0,3.0,3.0,2.0,91.0,11.0,12.0,1.0,24.0,5.0,11.0,1.0,1.0,5.0,40.0,0.0,1.0,1.0,32:44,0,CIN,AFC North,NFC North
1.0,1.0,2025-09-07,Sun,,CIN,L,16.0,17.0,,31.0,45.0,0.6890000000000001,278.0,1.0,6.2,4.62,74.1,2.0,12.0,24.0,49.0,2.0416666666666665,2.0,71.0,327.0,4.61,2.0,1.0,2.0,1.0,2.0,97.0,13.0,5.0,4.0,22.0,9.0,16.0,2.0,3.0,7.0,53.0,0.0,2.0,2.0,35:49,14.0,23.0,0.609,95.0,1.0,4.1,5.0,84.5,3.0,18.0,23.0,46.0,2.0,2.0,49.0,141.0,2.88,1.0,1.0,2.0,2.0,6.0,316.0,7.0,3.0,1.0,11.0,7.0,14.0,0.0,0.0,7.0,33.0,0.0,0.0,0.0,24:11,0,CLE,AFC North,AFC North
2.0,2.0,2025-09-14,Sun,@,BAL,L,17.0,41.0,,28.0,48.0,0.583,207.0,2.0,4.3,4.21,73.9,2.0,11.0,22.0,115.0,5.227272727272728,5.2,72.0,322.0,4.47,1.0,1.0,2.0,2.0,6.0,223.0,10.0,7.0,0.0,17.0,7.0,18.0,1.0,3.0,6.0,42.0,1.0,1.0,2.0,31:49,19.0,29.0,0.655,197.0,4.0,6.8,9.55,124.6,3.0,28.0,21.0,45.0,2.142857142857143,2.1,53.0,242.0,4.57,2.0,2.0,5.0,5.0,5.0,259.0,10.0,2.0,2.0,14.0,3.0,12.0,1.0,1.0,6.0,28.0,0.0,0.0,0.0,28:11,0,CLE,AFC North,AFC North
3.0,3.0,2025-09-21,Sun,,GNB,W,13.0,10.0,,21.0,36.0,0.583,125.0,0.0,3.5,2.22,53.6,2.0,17.0,19.0,96.0,5.052631578947368,5.1,57.0,221.0,3.88,2.0,2.0,1.0,1.0,6.0,291.0,7.0,5.0,3.0,15.0,4.0,13.0,1.0,2.0,8.0,90.0,0.0,1.0,1.0,25:46,18.0,25.0,0.72,149.0,1.0,6.0,4.96,83.6,5.0,34.0,31.0,81.0,2.6129032258064515,2.6,61.0,230.0,3.77,2.0,1.0,1.0,1.0,5.0,265.0,8.0,4.0,2.0,14.0,10.0,18.0,0.0,0.0,14.0,75.0,0.0,1.0,1.0,34:14,0,CLE,AFC North,NFC North
4.0,4.0,2025-09-28,Sun,@,DET,L,10.0,34.0,,16.0,35.0,0.457,170.0,0.0,4.9,2.29,36.6,3.0,14.0,27.0,79.0,2.925925925925926,2.9,65.0,249.0,3.83,2.0,1.0,1.0,1.0,7.0,314.0,8.0,7.0,1.0,16.0,3.0,14.0,1.0,1.0,6.0,44.0,1.0,2.0,3.0,31:44,16.0,27.0,0.593,168.0,2.0,6.2,6.04,86.7,0.0,0.0,29.0,109.0,3.7586206896551726,3.8,56.0,277.0,4.95,2.0,2.0,4.0,4.0,5.0,221.0,8.0,6.0,2.0,16.0,6.0,14.0,0.0,1.0,6.0,35.0,0.0,1.0,1.0,28:16,0,CLE,AFC North,NFC North
5.0,5.0,2025-10-05,Sun,,MIN,L,17.0,21.0,,19.0,33.0,0.5760000000000001,182.0,2.0,5.5,6.73,93.2,2.0,8.0,32.0,140.0,4.375,4.4,67.0,322.0,4.81,1.0,1.0,2.0,2.0,8.0,360.0,9.0,8.0,0.0,17.0,3.0,15.0,3.0,3.0,10.0,78.0,0.0,0.0,0.0,30:29,26.0,35.0,0.743,252.0,2.0,7.2,8.34,113.0,3.0,16.0,23.0,97.0,4.217391304347826,4.2,61.0,349.0,5.72,1.0,0.0,3.0,3.0,5.0,286.0,14.0,4.0,2.0,20.0,3.0,9.0,0.0,0.0,7.0,50.0,2.0,0.0,2.0,29:31,0,CLE,AFC North,NFC North
6.0,6.0,2025-10-12,Sun,@,PIT,L,9.0,23.0,,29.0,52.0,0.5579999999999999,183.0,0.0,3.5,3.52,63.2,6.0,38.0,17.0,65.0,3.823529411764706,3.8,75.0,248.0,3.31,3.0,3.0,0.0,0.0,4.0,198.0,10.0,6.0,4.0,20.0,6.0,17.0,2.0,4.0,6.0,44.0,0.0,0.0,0.0,28:08,21.0,30.0,0.7,235.0,2.0,7.8,9.17,115.3,0.0,0.0,28.0,100.0,3.571428571428572,3.6,58.0,335.0,5.78,4.0,3.0,2.0,2.0,2.0,84.0,11.0,7.0,1.0,19.0,5.0,13.0,0.0,0.0,10.0,59.0,0.0,0.0,0.0,31:52,0,CLE,AFC North,AFC North
1.0,1.0,2025-09-04,Thu,@,PHI,L,20.0,24.0,,21.0,34.0,0.618,188.0,0.0,5.5,5.53,76.6,0.0,0.0,22.0,119.0,5.409090909090909,5.4,56.0,307.0,5.48,2.0,2.0,2.0,2.0,2.0,87.0,9.0,7.0,6.0,22.0,7.0,11.0,0.0,1.0,4.0,42.0,1.0,0.0,1.0,25:08,19.0,23.0,0.826,144.0,0.0,6.3,6.26,92.8,1.0,8.0,38.0,158.0,4.157894736842105,4.2,62.0,302.0,4.87,1.0,1.0,3.0,3.0,3.0,146.0,6.0,14.0,0.0,20.0,8.0,13.0,0.0,0.0,9.0,110.0,0.0,0.0,0.0,34:52,0,DAL,NFC East,NFC East
2.0,2.0,2025-09-14,Sun,,NYG,W,40.0,37.0,OT,38.0,52.0,0.731,343.0,2.0,6.6,6.5,95.3,3.0,18.0,28.0,135.0,4.821428571428571,4.8,83.0,478.0,5.76,4.0,4.0,4.0,4.0,4.0,191.0,18.0,8.0,6.0,32.0,6.0,14.0,1.0,1.0,12.0,106.0,0.0,1.0,1.0,37:21,30.0,41.0,0.732,422.0,3.0,10.3,10.66,120.2,3.0,28.0,21.0,84.0,4.0,4.0,65.0,506.0,7.78,3.0,3.0,4.0,4.0,3.0,135.0,15.0,6.0,1.0,22.0,6.0,14.0,1.0,2.0,14.0,160.0,0.0,1.0,1.0,32:39,0,DAL,NFC East,NFC East
3.0,3.0,2025-09-21,Sun,@,CHI,L,14.0,31.0,,34.0,45.0,0.7559999999999999,275.0,1.0,6.1,3.56,70.1,2.0,17.0,20.0,121.0,6.05,6.1,67.0,396.0,5.91,2.0,2.0,0.0,0.0,2.0,102.0,14.0,6.0,3.0,23.0,3.0,11.0,2.0,3.0,4.0,25.0,1.0,3.0,4.0,32:58,19.0,28.0,0.679,298.0,4.0,10.6,13.5,142.6,0.0,0.0,29.0,87.0,3.0,3.0,57.0,385.0,6.75,1.0,1.0,4.0,4.0,4.0,176.0,11.0,7.0,1.0,19.0,8.0,14.0,1.0,1.0,6.0,41.0,0.0,0.0,0.0,27:02,0,DAL,NFC East,NFC North
4.0,4.0,2025-09-28,Sun,,GNB,T,40.0,40.0,OT,31.0,40.0,0.775,319.0,3.0,8.0,9.48,124.9,1.0,0.0,26.0,117.0,4.5,4.5,67.0,436.0,6.51,1.0,1.0,5.0,5.0,4.0,190.0,17.0,8.0,1.0,26.0,4.0,11.0,1.0,1.0,11.0,95.0,0.0,0.0,0.0,34:27,31.0,43.0,0.721,325.0,3.0,7.6,8.95,116.9,1.0,12.0,35.0,164.0,4.685714285714286,4.7,79.0,489.0,6.19,2.0,2.0,5.0,4.0,2.0,83.0,16.0,11.0,5.0,32.0,10.0,14.0,1.0,1.0,7.0,53.0,1.0,0.0,1.0,35:33,0,DAL,NFC East,NFC North
5.0,5.0,2025-10-05,Sun,@,NYJ,W,37.0,22.0,,18.0,29.0,0.621,236.0,4.0,8.1,10.9,127.3,1.0,1.0,29.0,180.0,6.206896551724138,6.2,59.0,416.0,7.05,1.0,1.0,5.0,4.0,5.0,228.0,12.0,9.0,1.0,22.0,6.0,13.0,0.0,0.0,11.0,91.0,0.0,0.0,0.0,25:24,32.0,46.0,0.696,234.0,2.0,5.1,5.96,95.7,5.0,49.0,22.0,144.0,6.545454545454546,6.5,73.0,378.0,5.18,2.0,2.0,0.0,0.0,4.0,176.0,14.0,9.0,2.0,25.0,7.0,16.0,1.0,3.0,10.0,61.0,1.0,0.0,1.0,34:36,0,DAL,NFC East,AFC East
6.0,6.0,2025-10-12,Sun,@,CAR,L,27.0,30.0,,25.0,34.0,0.735,261.0,3.0,7.7,9.44,124.8,0.0,0.0,19.0,31.0,1.631578947368421,1.6,53.0,292.0,5.51,2.0,2.0,3.0,3.0,3.0,143.0,12.0,1.0,2.0,15.0,5.0,12.0,2.0,2.0,6.0,37.0,0.0,0.0,0.0,27:58,17.0,25.0,0.68,194.0,3.0,7.8,8.36,114.0,1.0,5.0,38.0,216.0,5.684210526315789,5.7,64.0,410.0,6.41,3.0,3.0,3.0,3.0,2.0,98.0,11.0,14.0,2.0,27.0,3.0,8.0,1.0,1.0,6.0,57.0,0.0,1.0,1.0,32:02,0,DAL,NFC East,NFC South
1.0,1.0,2025-09-07,Sun,,TEN,W,20.0,12.0,,25.0,40.0,0.625,166.0,1.0,4.2,2.4,59.0,1.0,10.0,30.0,151.0,5.033333333333333,5.0,71.0,317.0,4.46,2.0,2.0,2.0,2.0,3.0,144.0,9.0,5.0,6.0,20.0,6.0,15.0,0.0,2.0,6.0,45.0,2.0,2.0,4.0,31:56,12.0,28.0,0.429,62.0,0.0,2.2,2.21,50.3,6.0,50.0,21.0,71.0,3.380952380952381,3.4,55.0,133.0,2.42,4.0,4.0,0.0,0.0,8.0,395.0,5.0,2.0,0.0,7.0,2.0,14.0,0.0,1.0,13.0,131.0,2.0,0.0,2.0,28:04,0,DEN,AFC West,AFC South
2.0,2.0,2025-09-14,Sun,@,IND,L,28.0,29.0,,22.0,30.0,0.733,206.0,3.0,6.9,7.37,111.2,0.0,0.0,24.0,118.0,4.916666666666667,4.9,54.0,324.0,6.0,1.0,0.0,4.0,4.0,3.0,134.0,11.0,7.0,5.0,23.0,4.0,9.0,0.0,0.0,8.0,83.0,0.0,1.0,1.0,27:53,23.0,34.0,0.6759999999999999,306.0,1.0,9.0,9.59,105.8,1.0,10.0,32.0,167.0,5.21875,5.2,67.0,473.0,7.06,5.0,5.0,2.0,2.0,0.0,0.0,16.0,6.0,4.0,26.0,6.0,13.0,0.0,2.0,11.0,68.0,0.0,0.0,0.0,32:07,0,DEN,AFC West,AFC South
3.0,3.0,2025-09-21,Sun,@,LAC,L,20.0,23.0,,14.0,25.0,0.56,147.0,1.0,5.9,6.68,86.6,2.0,6.0,21.0,118.0,5.619047619047619,5.6,48.0,265.0,5.52,2.0,2.0,2.0,2.0,7.0,330.0,5.0,3.0,1.0,9.0,2.0,13.0,2.0,2.0,10.0,90.0,0.0,0.0,0.0,23:40,28.0,47.0,0.596,270.0,1.0,5.7,5.21,73.9,5.0,30.0,28.0,106.0,3.7857142857142856,3.8,80.0,376.0,4.7,3.0,3.0,2.0,2.0,5.0,249.0,17.0,6.0,6.0,29.0,8.0,17.0,0.0,0.0,3.0,25.0,1.0,1.0,2.0,36:20,0,DEN,AFC West,AFC West
4.0,4.0,2025-09-29,Mon,,CIN,W,28.0,3.0,,29.0,42.0,0.69,326.0,2.0,7.8,7.64,97.9,0.0,0.0,38.0,186.0,4.894736842105263,4.9,80.0,512.0,6.4,0.0,0.0,4.0,4.0,4.0,199.0,17.0,11.0,1.0,29.0,8.0,14.0,0.0,1.0,7.0,72.0,0.0,1.0,1.0,37:58,14.0,25.0,0.56,106.0,0.0,4.2,4.24,66.4,3.0,19.0,15.0,53.0,3.533333333333333,3.5,43.0,159.0,3.7,1.0,1.0,0.0,0.0,8.0,403.0,3.0,3.0,3.0,9.0,2.0,11.0,0.0,0.0,11.0,65.0,0.0,0.0,0.0,22:02,0,DEN,AFC West,AFC North
5.0,5.0,2025-10-05,Sun,@,PHI,W,21.0,17.0,,24.0,39.0,0.615,228.0,1.0,5.8,6.36,86.3,2.0,14.0,29.0,130.0,4.482758620689655,4.5,70.0,358.0,5.11,2.0,2.0,1.0,1.0,7.0,328.0,12.0,8.0,3.0,23.0,5.0,16.0,0.0,0.0,12.0,121.0,0.0,0.0,0.0,34:17,23.0,38.0,0.605,257.0,2.0,6.8,7.82,98.2,6.0,23.0,11.0,45.0,4.090909090909091,4.1,55.0,302.0,5.49,1.0,1.0,2.0,2.0,7.0,359.0,11.0,2.0,3.0,16.0,2.0,11.0,0.0,0.0,9.0,55.0,0.0,0.0,0.0,25:43,0,DEN,AFC West,NFC East
6.0,6.0,2025-10-12,Sun,@,NYJ,W,13.0,11.0,,19.0,30.0,0.633,168.0,1.0,5.6,6.27,89.3,1.0,6.0,26.0,78.0,3.0,3.0,57.0,246.0,4.32,2.0,2.0,1.0,1.0,6.0,291.0,9.0,3.0,0.0,12.0,5.0,15.0,1.0,1.0,6.0,37.0,1.0,0.0,1.0,31:08,9.0,17.0,0.529,-10.0,0.0,-0.6,-0.59,58.7,9.0,55.0,31.0,92.0,2.967741935483871,3.0,57.0,82.0,1.44,3.0,3.0,0.0,0.0,7.0,355.0,2.0,6.0,0.0,8.0,2.0,15.0,1.0,2.0,2.0,15.0,0.0,0.0,0.0,28:52,0,DEN,AFC West,AFC East
1.0,1.0,2025-09-07,Sun,@,GNB,L,13.0,27.0,,31.0,39.0,0.795,200.0,1.0,5.1,4.49,85.9,4.0,25.0,22.0,46.0,2.090909090909091,2.1,65.0,246.0,3.78,2.0,2.0,1.0,1.0,3.0,142.0,13.0,2.0,1.0,16.0,5.0,15.0,3.0,4.0,7.0,40.0,0.0,1.0,1.0,35:25,16.0,22.0,0.727,188.0,2.0,8.5,10.36,128.6,0.0,0.0,25.0,78.0,3.12,3.1,47.0,266.0,5.66,2.0,2.0,3.0,3.0,3.0,164.0,8.0,4.0,2.0,14.0,4.0,10.0,1.0,1.0,4.0,40.0,0.0,0.0,0.0,24:35,0,DET,NFC North,NFC North
2.0,2.0,2025-09-14,Sun,,CHI,W,52.0,21.0,,23.0,28.0,0.821,334.0,5.0,11.9,15.5,156.0,0.0,0.0,30.0,177.0,5.9,5.9,58.0,511.0,8.81,2.0,1.0,7.0,7.0,3.0,147.0,15.0,10.0,0.0,25.0,4.0,10.0,1.0,1.0,3.0,28.0,0.0,0.0,0.0,30:20,21.0,33.0,0.636,205.0,2.0,6.2,6.06,88.6,4.0,29.0,27.0,134.0,4.962962962962963,5.0,64.0,339.0,5.3,0.0,0.0,3.0,3.0,4.0,212.0,11.0,7.0,1.0,19.0,7.0,13.0,0.0,2.0,8.0,50.0,1.0,1.0,2.0,29:40,0,DET,NFC North,NFC North
3.0,3.0,2025-09-22,Mon,@,BAL,W,38.0,30.0,,20.0,28.0,0.7140000000000001,202.0,1.0,7.2,7.93,103.6,0.0,0.0,38.0,224.0,5.894736842105263,5.9,66.0,426.0,6.45,2.0,1.0,5.0,5.0,3.0,146.0,11.0,12.0,1.0,24.0,7.0,14.0,3.0,3.0,8.0,68.0,0.0,0.0,0.0,33:18,21.0,28.0,0.75,233.0,3.0,8.3,10.46,135.0,7.0,55.0,19.0,85.0,4.473684210526316,4.5,54.0,318.0,5.89,1.0,1.0,3.0,3.0,3.0,157.0,14.0,4.0,3.0,21.0,6.0,11.0,0.0,1.0,3.0,10.0,1.0,0.0,1.0,26:42,0,DET,NFC North,AFC North
4.0,4.0,2025-09-28,Sun,,CLE,W,34.0,10.0,,16.0,27.0,0.593,168.0,2.0,6.2,6.04,86.7,0.0,0.0,29.0,109.0,3.7586206896551726,3.8,56.0,277.0,4.95,2.0,2.0,4.0,4.0,5.0,221.0,8.0,6.0,2.0,16.0,6.0,14.0,0.0,1.0,6.0,35.0,0.0,1.0,1.0,28:16,16.0,35.0,0.457,170.0,0.0,4.9,2.29,36.6,3.0,14.0,27.0,79.0,2.925925925925926,2.9,65.0,249.0,3.83,2.0,1.0,1.0,1.0,7.0,314.0,8.0,7.0,1.0,16.0,3.0,14.0,1.0,1.0,6.0,44.0,1.0,2.0,3.0,31:44,0,DET,NFC North,AFC North
5.0,5.0,2025-10-05,Sun,@,CIN,W,37.0,24.0,,20.0,24.0,0.833,247.0,4.0,10.3,13.63,149.1,4.0,14.0,33.0,118.0,3.575757575757576,3.6,61.0,365.0,5.98,0.0,0.0,5.0,5.0,5.0,224.0,15.0,7.0,1.0,23.0,2.0,8.0,0.0,0.0,8.0,56.0,1.0,0.0,1.0,34:21,26.0,40.0,0.65,237.0,3.0,5.9,4.05,74.7,2.0,14.0,16.0,85.0,5.3125,5.3,58.0,322.0,5.55,1.0,1.0,3.0,3.0,4.0,220.0,12.0,4.0,5.0,21.0,4.0,11.0,0.0,0.0,6.0,30.0,0.0,3.0,3.0,25:39,0,DET,NFC North,AFC North
6.0,6.0,2025-10-12,Sun,@,KAN,L,17.0,30.0,,23.0,29.0,0.7929999999999999,199.0,2.0,6.9,8.24,118.2,1.0,4.0,23.0,98.0,4.260869565217392,4.3,53.0,297.0,5.6,1.0,1.0,2.0,2.0,3.0,138.0,13.0,5.0,0.0,18.0,5.0,11.0,0.0,2.0,4.0,38.0,0.0,0.0,0.0,29:23,22.0,30.0,0.733,243.0,3.0,8.1,10.1,130.3,3.0,14.0,29.0,112.0,3.8620689655172415,3.9,62.0,355.0,5.73,1.0,1.0,4.0,3.0,1.0,46.0,16.0,8.0,2.0,26.0,4.0,10.0,2.0,3.0,0.0,0.0,0.0,0.0,0.0,30:37,0,DET,NFC North,AFC West
1.0,1.0,2025-09-07,Sun,,DET,W,27.0,13.0,,16.0,22.0,0.727,188.0,2.0,8.5,10.36,128.6,0.0,0.0,25.0,78.0,3.12,3.1,47.0,266.0,5.66,2.0,2.0,3.0,3.0,3.0,164.0,8.0,4.0,2.0,14.0,4.0,10.0,1.0,1.0,4.0,40.0,0.0,0.0,0.0,24:35,31.0,39.0,0.795,200.0,1.0,5.1,4.49,85.9,4.0,25.0,22.0,46.0,2.090909090909091,2.1,65.0,246.0,3.78,2.0,2.0,1.0,1.0,3.0,142.0,13.0,2.0,1.0,16.0,5.0,15.0,3.0,4.0,7.0,40.0,0.0,1.0,1.0,35:25,0,GNB,NFC North,NFC North
2.0,2.0,2025-09-11,Thu,,WAS,W,27.0,18.0,,19.0,31.0,0.613,269.0,2.0,8.7,9.97,110.8,2.0,23.0,30.0,135.0,4.5,4.5,63.0,404.0,6.41,3.0,2.0,3.0,3.0,4.0,213.0,14.0,6.0,2.0,22.0,5.0,12.0,0.0,1.0,10.0,77.0,0.0,0.0,0.0,32:26,24.0,42.0,0.5710000000000001,179.0,2.0,4.3,5.21,83.3,4.0,21.0,19.0,51.0,2.6842105263157894,2.7,65.0,230.0,3.54,3.0,1.0,1.0,1.0,4.0,187.0,10.0,3.0,2.0,15.0,5.0,16.0,1.0,3.0,5.0,30.0,0.0,0.0,0.0,27:34,0,GNB,NFC North,NFC East
3.0,3.0,2025-09-21,Sun,@,CLE,L,10.0,13.0,,18.0,25.0,0.72,149.0,1.0,6.0,4.96,83.6,5.0,34.0,31.0,81.0,2.6129032258064515,2.6,61.0,230.0,3.77,2.0,1.0,1.0,1.0,5.0,265.0,8.0,4.0,2.0,14.0,10.0,18.0,0.0,0.0,14.0,75.0,0.0,1.0,1.0,34:14,21.0,36.0,0.583,125.0,0.0,3.5,2.22,53.6,2.0,17.0,19.0,96.0,5.052631578947368,5.1,57.0,221.0,3.88,2.0,2.0,1.0,1.0,6.0,291.0,7.0,5.0,3.0,15.0,4.0,13.0,1.0,2.0,8.0,90.0,0.0,1.0,1.0,25:46,0,GNB,NFC North,AFC North
4.0,4.0,2025-09-28,Sun,@,DAL,T,40.0,40.0,OT,31.0,43.0,0.721,325.0,3.0,7.6,8.95,116.9,1.0,12.0,35.0,164.0,4.685714285714286,4.7,79.0,489.0,6.19,2.0,2.0,5.0,4.0,2.0,83.0,16.0,11.0,5.0,32.0,10.0,14.0,1.0,1.0,7.0,53.0,1.0,0.0,1.0,35:33,31.0,40.0,0.775,319.0,3.0,8.0,9.48,124.9,1.0,0.0,26.0,117.0,4.5,4.5,67.0,436.0,6.51,1.0,1.0,5.0,5.0,4.0,190.0,17.0,8.0,1.0,26.0,4.0,11.0,1.0,1.0,11.0,95.0,0.0,0.0,0.0,34:27,0,GNB,NFC North,NFC East
5.0,6.0,2025-10-12,Sun,,CIN,W,27.0,18.0,,19.0,26.0,0.731,256.0,1.0,9.8,8.88,100.8,1.0,3.0,33.0,153.0,4.636363636363637,4.6,60.0,409.0,6.82,2.0,2.0,3.0,3.0,2.0,91.0,11.0,12.0,1.0,24.0,5.0,11.0,1.0,1.0,5.0,40.0,0.0,1.0,1.0,32:44,29.0,45.0,0.644,213.0,2.0,4.7,5.62,90.3,1.0,6.0,16.0,55.0,3.4375,3.4,62.0,268.0,4.32,3.0,1.0,1.0,1.0,4.0,211.0,12.0,5.0,3.0,20.0,6.0,15.0,2.0,2.0,3.0,17.0,0.0,0.0,0.0,27:16,0,GNB,NFC North,AFC North
1.0,1.0,2025-09-07,Sun,@,LAR,L,9.0,14.0,,19.0,27.0,0.7040000000000001,151.0,0.0,5.6,3.93,68.6,3.0,37.0,27.0,114.0,4.222222222222222,4.2,57.0,265.0,4.65,3.0,3.0,0.0,0.0,4.0,208.0,7.0,8.0,3.0,18.0,2.0,9.0,1.0,1.0,11.0,80.0,1.0,1.0,2.0,31:25,21.0,29.0,0.7240000000000001,224.0,1.0,7.7,8.41,106.1,3.0,21.0,25.0,72.0,2.88,2.9,57.0,296.0,5.19,0.0,0.0,2.0,2.0,5.0,220.0,13.0,3.0,2.0,18.0,7.0,13.0,1.0,1.0,7.0,60.0,1.0,0.0,1.0,28:35,0,HOU,AFC South,NFC West
2.0,2.0,2025-09-15,Mon,,TAM,L,19.0,20.0,,13.0,24.0,0.542,182.0,1.0,7.6,8.42,92.7,3.0,25.0,19.0,84.0,4.421052631578948,4.4,46.0,266.0,5.78,2.0,2.0,1.0,1.0,4.0,203.0,7.0,3.0,2.0,12.0,2.0,9.0,0.0,1.0,6.0,45.0,0.0,0.0,0.0,22:51,25.0,38.0,0.6579999999999999,191.0,2.0,5.0,6.08,95.4,4.0,24.0,30.0,169.0,5.633333333333334,5.6,72.0,360.0,5.0,1.0,0.0,2.0,2.0,6.0,253.0,12.0,9.0,4.0,25.0,6.0,14.0,1.0,1.0,7.0,45.0,0.0,0.0,0.0,37:09,0,HOU,AFC South,NFC South
3.0,3.0,2025-09-21,Sun,@,JAX,L,10.0,17.0,,25.0,38.0,0.6579999999999999,184.0,1.0,4.8,3.0,63.9,2.0,20.0,19.0,87.0,4.578947368421052,4.6,59.0,271.0,4.59,2.0,1.0,1.0,1.0,6.0,261.0,8.0,2.0,3.0,13.0,4.0,15.0,1.0,1.0,7.0,66.0,1.0,2.0,3.0,28:42,20.0,40.0,0.5,205.0,0.0,5.1,4.0,54.7,2.0,17.0,24.0,86.0,3.583333333333333,3.6,66.0,291.0,4.41,2.0,1.0,2.0,2.0,6.0,293.0,10.0,5.0,2.0,17.0,4.0,15.0,0.0,1.0,9.0,70.0,0.0,1.0,1.0,31:18,0,HOU,AFC South,AFC South
4.0,4.0,2025-09-28,Sun,,TEN,W,26.0,0.0,,22.0,28.0,0.7859999999999999,224.0,2.0,8.0,9.43,123.8,2.0,9.0,35.0,129.0,3.6857142857142855,3.7,65.0,353.0,5.43,3.0,2.0,2.0,2.0,3.0,132.0,9.0,10.0,1.0,20.0,6.0,15.0,3.0,3.0,6.0,50.0,0.0,0.0,0.0,38:21,10.0,26.0,0.385,93.0,0.0,3.6,1.85,33.0,2.0,15.0,18.0,82.0,4.555555555555555,4.6,46.0,175.0,3.8,2.0,0.0,0.0,0.0,5.0,213.0,5.0,3.0,2.0,10.0,2.0,11.0,0.0,1.0,4.0,35.0,0.0,1.0,1.0,21:39,0,HOU,AFC South,AFC South
5.0,5.0,2025-10-05,Sun,@,BAL,W,44.0,10.0,,25.0,31.0,0.8059999999999999,250.0,4.0,8.1,10.65,139.9,2.0,17.0,33.0,167.0,5.0606060606060606,5.1,66.0,417.0,6.32,3.0,3.0,5.0,5.0,1.0,59.0,15.0,8.0,4.0,27.0,7.0,12.0,1.0,1.0,4.0,26.0,0.0,0.0,0.0,36:33,14.0,20.0,0.7,163.0,0.0,8.2,1.4,54.8,1.0,16.0,19.0,44.0,2.3157894736842106,2.3,40.0,207.0,5.18,2.0,1.0,1.0,1.0,4.0,182.0,7.0,4.0,1.0,12.0,3.0,8.0,0.0,0.0,9.0,49.0,0.0,3.0,3.0,23:27,0,HOU,AFC South,AFC North
1.0,1.0,2025-09-07,Sun,,MIA,W,33.0,8.0,,22.0,29.0,0.759,262.0,1.0,9.0,9.72,114.4,1.0,10.0,40.0,156.0,3.9,3.9,70.0,418.0,5.97,4.0,4.0,3.0,3.0,0.0,0.0,14.0,11.0,2.0,27.0,7.0,15.0,3.0,3.0,4.0,45.0,0.0,0.0,0.0,38:43,19.0,31.0,0.613,133.0,1.0,4.3,2.03,54.9,3.0,13.0,12.0,78.0,6.5,6.5,46.0,211.0,4.59,0.0,0.0,0.0,0.0,1.0,42.0,9.0,3.0,0.0,12.0,5.0,10.0,1.0,2.0,3.0,15.0,1.0,2.0,3.0,21:17,0,IND,AFC South,AFC East
2.0,2.0,2025-09-14,Sun,,DEN,W,29.0,28.0,,23.0,34.0,0.6759999999999999,306.0,1.0,9.0,9.59,105.8,1.0,10.0,32.0,167.0,5.21875,5.2,67.0,473.0,7.06,5.0,5.0,2.0,2.0,0.0,0.0,16.0,6.0,4.0,26.0,6.0,13.0,0.0,2.0,11.0,68.0,0.0,0.0,0.0,32:07,22.0,30.0,0.733,206.0,3.0,6.9,7.37,111.2,0.0,0.0,24.0,118.0,4.916666666666667,4.9,54.0,324.0,6.0,1.0,0.0,4.0,4.0,3.0,134.0,11.0,7.0,5.0,23.0,4.0,9.0,0.0,0.0,8.0,83.0,0.0,1.0,1.0,27:53,0,IND,AFC South,AFC West
3.0,3.0,2025-09-21,Sun,@,TEN,W,41.0,20.0,,18.0,25.0,0.72,228.0,1.0,9.1,9.92,113.4,0.0,0.0,28.0,137.0,4.892857142857143,4.9,53.0,365.0,6.89,3.0,2.0,5.0,5.0,1.0,46.0,10.0,9.0,3.0,22.0,2.0,8.0,2.0,2.0,4.0,23.0,0.0,0.0,0.0,28:41,23.0,38.0,0.605,196.0,1.0,5.2,4.5,71.8,4.0,23.0,23.0,86.0,3.739130434782609,3.7,65.0,282.0,4.34,4.0,2.0,2.0,2.0,1.0,52.0,11.0,8.0,2.0,21.0,5.0,14.0,1.0,2.0,8.0,68.0,0.0,1.0,1.0,31:19,0,IND,AFC South,AFC South
4.0,4.0,2025-09-28,Sun,@,LAR,L,20.0,27.0,,24.0,33.0,0.727,248.0,1.0,7.5,5.39,78.9,2.0,14.0,21.0,85.0,4.047619047619048,4.0,56.0,333.0,5.95,2.0,2.0,2.0,2.0,4.0,209.0,11.0,4.0,2.0,17.0,4.0,12.0,1.0,1.0,11.0,88.0,1.0,2.0,3.0,28:16,29.0,41.0,0.7070000000000001,360.0,3.0,8.8,10.24,122.0,3.0,15.0,26.0,102.0,3.923076923076923,3.9,70.0,462.0,6.6,2.0,2.0,3.0,3.0,4.0,211.0,15.0,7.0,2.0,24.0,4.0,12.0,1.0,2.0,7.0,63.0,1.0,0.0,1.0,31:44,0,IND,AFC South,NFC West
5.0,5.0,2025-10-05,Sun,,LVR,W,40.0,6.0,,21.0,32.0,0.6559999999999999,221.0,2.0,6.9,8.16,106.4,0.0,0.0,25.0,96.0,3.84,3.8,57.0,317.0,5.56,0.0,0.0,2.0,2.0,2.0,101.0,12.0,9.0,3.0,24.0,8.0,10.0,0.0,0.0,9.0,77.0,0.0,0.0,0.0,26:35,25.0,36.0,0.6940000000000001,190.0,0.0,5.3,2.78,58.8,4.0,38.0,25.0,106.0,4.24,4.2,65.0,296.0,4.55,3.0,2.0,0.0,0.0,2.0,30.0,12.0,6.0,4.0,22.0,8.0,14.0,1.0,2.0,6.0,65.0,0.0,2.0,2.0,33:25,0,IND,AFC South,AFC West
6.0,6.0,2025-10-12,Sun,,ARI,W,31.0,27.0,,22.0,30.0,0.733,205.0,2.0,6.8,6.67,100.0,1.0,7.0,27.0,150.0,5.555555555555555,5.6,58.0,355.0,6.12,1.0,1.0,4.0,4.0,3.0,165.0,13.0,11.0,1.0,25.0,4.0,8.0,0.0,0.0,5.0,40.0,0.0,1.0,1.0,27:55,27.0,44.0,0.614,312.0,2.0,7.1,6.98,88.4,2.0,8.0,24.0,88.0,3.6666666666666665,3.7,70.0,400.0,5.71,2.0,2.0,3.0,3.0,2.0,92.0,17.0,7.0,1.0,25.0,9.0,14.0,0.0,1.0,7.0,65.0,0.0,1.0,1.0,32:05,0,IND,AFC South,NFC West
1.0,1.0,2025-09-07,Sun,,CAR,W,26.0,10.0,,19.0,31.0,0.613,178.0,1.0,5.7,4.94,74.4,0.0,0.0,32.0,200.0,6.25,6.3,63.0,378.0,6.0,4.0,4.0,2.0,2.0,2.0,111.0,9.0,10.0,0.0,19.0,5.0,12.0,2.0,2.0,11.0,93.0,0.0,1.0,1.0,31:00,18.0,35.0,0.514,142.0,1.0,4.1,2.06,47.6,1.0,12.0,25.0,113.0,4.52,4.5,61.0,255.0,4.18,1.0,1.0,1.0,1.0,2.0,86.0,8.0,5.0,2.0,15.0,8.0,15.0,0.0,2.0,4.0,35.0,1.0,2.0,3.0,29:00,0,JAX,AFC South,NFC South
2.0,2.0,2025-09-14,Sun,@,CIN,L,27.0,31.0,,24.0,42.0,0.5710000000000001,261.0,3.0,6.2,5.5,79.6,1.0,10.0,27.0,139.0,5.148148148148148,5.1,70.0,400.0,5.71,2.0,2.0,3.0,3.0,2.0,95.0,15.0,5.0,1.0,21.0,6.0,13.0,0.0,1.0,6.0,55.0,0.0,2.0,2.0,33:11,28.0,45.0,0.622,302.0,3.0,6.7,5.04,76.3,3.0,15.0,17.0,48.0,2.823529411764706,2.8,65.0,350.0,5.38,1.0,1.0,4.0,4.0,3.0,166.0,17.0,5.0,2.0,24.0,6.0,14.0,1.0,1.0,3.0,29.0,0.0,3.0,3.0,26:49,0,JAX,AFC South,AFC North
3.0,3.0,2025-09-21,Sun,,HOU,W,17.0,10.0,,20.0,40.0,0.5,205.0,0.0,5.1,4.0,54.7,2.0,17.0,24.0,86.0,3.583333333333333,3.6,66.0,291.0,4.41,2.0,1.0,2.0,2.0,6.0,293.0,10.0,5.0,2.0,17.0,4.0,15.0,0.0,1.0,9.0,70.0,0.0,1.0,1.0,31:18,25.0,38.0,0.6579999999999999,184.0,1.0,4.8,3.0,63.9,2.0,20.0,19.0,87.0,4.578947368421052,4.6,59.0,271.0,4.59,2.0,1.0,1.0,1.0,6.0,261.0,8.0,2.0,3.0,13.0,4.0,15.0,1.0,1.0,7.0,66.0,1.0,2.0,3.0,28:42,0,JAX,AFC South,AFC South
4.0,4.0,2025-09-28,Sun,@,SFO,W,26.0,21.0,,21.0,31.0,0.677,174.0,1.0,5.6,6.26,92.7,0.0,0.0,32.0,151.0,4.71875,4.7,63.0,325.0,5.16,3.0,2.0,2.0,2.0,5.0,237.0,8.0,8.0,2.0,18.0,4.0,14.0,1.0,1.0,12.0,90.0,0.0,0.0,0.0,32:31,22.0,38.0,0.579,306.0,2.0,8.1,6.74,79.5,1.0,3.0,24.0,83.0,3.458333333333333,3.5,63.0,389.0,6.17,2.0,2.0,1.0,1.0,2.0,91.0,17.0,3.0,2.0,22.0,8.0,13.0,0.0,1.0,5.0,54.0,2.0,2.0,4.0,27:29,0,JAX,AFC South,NFC West
5.0,5.0,2025-10-06,Mon,,KAN,W,31.0,28.0,,18.0,25.0,0.72,210.0,1.0,8.4,7.4,93.7,3.0,11.0,26.0,109.0,4.1923076923076925,4.2,54.0,319.0,5.91,1.0,1.0,4.0,4.0,2.0,105.0,8.0,9.0,4.0,21.0,5.0,9.0,0.0,1.0,4.0,25.0,1.0,1.0,2.0,28:01,29.0,41.0,0.7070000000000001,318.0,1.0,7.8,7.15,91.3,0.0,0.0,22.0,158.0,7.181818181818182,7.2,63.0,476.0,7.56,0.0,0.0,4.0,4.0,4.0,164.0,15.0,11.0,0.0,26.0,5.0,9.0,0.0,0.0,13.0,109.0,0.0,1.0,1.0,31:59,0,JAX,AFC South,AFC West
6.0,6.0,2025-10-12,Sun,,SEA,L,12.0,20.0,,27.0,42.0,0.643,214.0,2.0,5.1,6.05,92.8,7.0,44.0,19.0,59.0,3.1052631578947367,3.1,68.0,273.0,4.01,1.0,0.0,1.0,0.0,8.0,393.0,13.0,3.0,1.0,17.0,4.0,16.0,3.0,3.0,10.0,76.0,0.0,0.0,0.0,33:21,16.0,27.0,0.593,286.0,2.0,10.6,12.07,120.3,1.0,9.0,26.0,60.0,2.3076923076923075,2.3,54.0,346.0,6.41,2.0,2.0,2.0,2.0,7.0,360.0,10.0,2.0,1.0,13.0,1.0,12.0,0.0,0.0,7.0,56.0,0.0,0.0,0.0,26:39,0,JAX,AFC South,NFC West
1.0,1.0,2025-09-05,Fri,@,LAC,L,21.0,27.0,,24.0,39.0,0.615,249.0,1.0,6.4,6.9,88.5,2.0,9.0,17.0,98.0,5.764705882352941,5.8,58.0,347.0,5.98,3.0,3.0,1.0,0.0,3.0,116.0,9.0,8.0,1.0,18.0,5.0,14.0,3.0,3.0,10.0,71.0,0.0,0.0,0.0,27:16,25.0,34.0,0.735,304.0,3.0,8.9,10.71,130.0,3.0,14.0,25.0,90.0,3.6,3.6,62.0,394.0,6.35,2.0,2.0,3.0,3.0,2.0,106.0,16.0,6.0,0.0,22.0,7.0,13.0,1.0,1.0,6.0,49.0,0.0,0.0,0.0,32:44,0,KAN,AFC West,AFC West
2.0,2.0,2025-09-14,Sun,,PHI,L,17.0,20.0,,16.0,29.0,0.552,173.0,1.0,6.0,5.1,70.0,2.0,14.0,26.0,121.0,4.653846153846154,4.7,57.0,294.0,5.16,2.0,1.0,2.0,2.0,3.0,178.0,7.0,9.0,1.0,17.0,4.0,12.0,2.0,3.0,6.0,45.0,0.0,1.0,1.0,27:26,15.0,22.0,0.682,94.0,0.0,4.3,4.27,76.7,2.0,7.0,34.0,122.0,3.588235294117647,3.6,58.0,216.0,3.72,2.0,2.0,2.0,2.0,5.0,274.0,4.0,9.0,3.0,16.0,5.0,14.0,1.0,1.0,6.0,48.0,0.0,0.0,0.0,32:34,0,KAN,AFC West,NFC East
3.0,3.0,2025-09-21,Sun,@,NYG,W,22.0,9.0,,22.0,37.0,0.595,201.0,1.0,5.4,5.97,83.3,2.0,23.0,28.0,105.0,3.75,3.8,67.0,306.0,4.57,4.0,3.0,2.0,1.0,3.0,139.0,13.0,6.0,3.0,22.0,8.0,15.0,0.0,0.0,8.0,85.0,0.0,0.0,0.0,31:50,18.0,32.0,0.563,151.0,0.0,4.7,1.91,42.6,2.0,9.0,27.0,130.0,4.814814814814815,4.8,61.0,281.0,4.61,1.0,1.0,1.0,0.0,2.0,61.0,7.0,8.0,4.0,19.0,1.0,10.0,1.0,4.0,7.0,82.0,0.0,2.0,2.0,28:10,0,KAN,AFC West,NFC East
4.0,4.0,2025-09-28,Sun,,BAL,W,37.0,20.0,,25.0,37.0,0.6759999999999999,264.0,4.0,7.1,9.3,124.2,1.0,6.0,32.0,118.0,3.6875,3.7,70.0,382.0,5.46,4.0,3.0,4.0,4.0,1.0,37.0,15.0,8.0,1.0,24.0,5.0,15.0,4.0,4.0,5.0,40.0,0.0,0.0,0.0,34:45,23.0,33.0,0.6970000000000001,194.0,1.0,5.9,5.12,82.1,3.0,5.0,17.0,166.0,9.764705882352942,9.8,53.0,360.0,6.79,2.0,2.0,2.0,2.0,1.0,50.0,10.0,7.0,1.0,18.0,3.0,10.0,1.0,4.0,6.0,56.0,1.0,1.0,2.0,25:15,0,KAN,AFC West,AFC North
5.0,5.0,2025-10-06,Mon,@,JAX,L,28.0,31.0,,29.0,41.0,0.7070000000000001,318.0,1.0,7.8,7.15,91.3,0.0,0.0,22.0,158.0,7.181818181818182,7.2,63.0,476.0,7.56,0.0,0.0,4.0,4.0,4.0,164.0,15.0,11.0,0.0,26.0,5.0,9.0,0.0,0.0,13.0,109.0,0.0,1.0,1.0,31:59,18.0,25.0,0.72,210.0,1.0,8.4,7.4,93.7,3.0,11.0,26.0,109.0,4.1923076923076925,4.2,54.0,319.0,5.91,1.0,1.0,4.0,4.0,2.0,105.0,8.0,9.0,4.0,21.0,5.0,9.0,0.0,1.0,4.0,25.0,1.0,1.0,2.0,28:01,0,KAN,AFC West,AFC South
6.0,6.0,2025-10-12,Sun,,DET,W,30.0,17.0,,22.0,30.0,0.733,243.0,3.0,8.1,10.1,130.3,3.0,14.0,29.0,112.0,3.8620689655172415,3.9,62.0,355.0,5.73,1.0,1.0,4.0,3.0,1.0,46.0,16.0,8.0,2.0,26.0,4.0,10.0,2.0,3.0,0.0,0.0,0.0,0.0,0.0,30:37,23.0,29.0,0.7929999999999999,199.0,2.0,6.9,8.24,118.2,1.0,4.0,23.0,98.0,4.260869565217392,4.3,53.0,297.0,5.6,1.0,1.0,2.0,2.0,3.0,138.0,13.0,5.0,0.0,18.0,5.0,11.0,0.0,2.0,4.0,38.0,0.0,0.0,0.0,29:23,0,KAN,AFC West,NFC North
1.0,1.0,2025-09-05,Fri,,KAN,W,27.0,21.0,,25.0,34.0,0.735,304.0,3.0,8.9,10.71,130.0,3.0,14.0,25.0,90.0,3.6,3.6,62.0,394.0,6.35,2.0,2.0,3.0,3.0,2.0,106.0,16.0,6.0,0.0,22.0,7.0,13.0,1.0,1.0,6.0,49.0,0.0,0.0,0.0,32:44,24.0,39.0,0.615,249.0,1.0,6.4,6.9,88.5,2.0,9.0,17.0,98.0,5.764705882352941,5.8,58.0,347.0,5.98,3.0,3.0,1.0,0.0,3.0,116.0,9.0,8.0,1.0,18.0,5.0,14.0,3.0,3.0,10.0,71.0,0.0,0.0,0.0,27:16,0,LAC,AFC West,AFC West
2.0,2.0,2025-09-15,Mon,@,LVR,W,20.0,9.0,,19.0,27.0,0.7040000000000001,236.0,2.0,8.7,10.22,121.8,2.0,6.0,26.0,81.0,3.1153846153846154,3.1,55.0,317.0,5.76,2.0,2.0,2.0,2.0,3.0,158.0,8.0,6.0,1.0,15.0,4.0,11.0,1.0,2.0,6.0,33.0,1.0,0.0,1.0,28:17,24.0,43.0,0.5579999999999999,150.0,0.0,3.5,0.35,34.1,3.0,30.0,19.0,68.0,3.5789473684210527,3.6,65.0,218.0,3.35,3.0,3.0,0.0,0.0,2.0,114.0,8.0,5.0,2.0,15.0,9.0,18.0,0.0,2.0,5.0,47.0,0.0,3.0,3.0,31:43,0,LAC,AFC West,AFC West
3.0,3.0,2025-09-21,Sun,,DEN,W,23.0,20.0,,28.0,47.0,0.596,270.0,1.0,5.7,5.21,73.9,5.0,30.0,28.0,106.0,3.7857142857142856,3.8,80.0,376.0,4.7,3.0,3.0,2.0,2.0,5.0,249.0,17.0,6.0,6.0,29.0,8.0,17.0,0.0,0.0,3.0,25.0,1.0,1.0,2.0,36:20,14.0,25.0,0.56,147.0,1.0,5.9,6.68,86.6,2.0,6.0,21.0,118.0,5.619047619047619,5.6,48.0,265.0,5.52,2.0,2.0,2.0,2.0,7.0,330.0,5.0,3.0,1.0,9.0,2.0,13.0,2.0,2.0,10.0,90.0,0.0,0.0,0.0,23:40,0,LAC,AFC West,AFC West
4.0,4.0,2025-09-28,Sun,@,NYG,L,18.0,21.0,,23.0,41.0,0.561,186.0,1.0,4.5,2.83,55.5,2.0,17.0,13.0,152.0,11.692307692307692,11.7,56.0,338.0,6.04,1.0,1.0,1.0,1.0,5.0,244.0,8.0,6.0,3.0,17.0,4.0,12.0,0.0,0.0,14.0,107.0,0.0,2.0,2.0,24:32,14.0,21.0,0.667,89.0,1.0,4.2,5.19,91.2,6.0,30.0,42.0,161.0,3.8333333333333335,3.8,69.0,250.0,3.62,2.0,2.0,1.0,1.0,5.0,244.0,6.0,11.0,3.0,20.0,7.0,15.0,0.0,1.0,8.0,43.0,0.0,0.0,0.0,35:28,0,LAC,AFC West,NFC East
5.0,5.0,2025-10-05,Sun,,WAS,L,10.0,27.0,,25.0,33.0,0.758,181.0,1.0,5.5,4.73,85.5,5.0,29.0,27.0,155.0,5.7407407407407405,5.7,65.0,336.0,5.17,1.0,1.0,1.0,1.0,2.0,96.0,11.0,6.0,1.0,18.0,9.0,16.0,1.0,2.0,10.0,85.0,1.0,1.0,2.0,34:19,15.0,26.0,0.5770000000000001,226.0,1.0,8.7,9.46,99.2,1.0,5.0,28.0,163.0,5.821428571428571,5.8,55.0,389.0,7.07,2.0,2.0,3.0,3.0,2.0,101.0,9.0,9.0,4.0,22.0,2.0,7.0,1.0,1.0,7.0,48.0,1.0,0.0,1.0,25:41,0,LAC,AFC West,NFC East
6.0,6.0,2025-10-12,Sun,@,MIA,W,29.0,27.0,,29.0,38.0,0.763,263.0,2.0,6.9,7.97,112.1,1.0,1.0,25.0,140.0,5.6,5.6,64.0,403.0,6.3,5.0,5.0,2.0,2.0,2.0,94.0,12.0,7.0,1.0,20.0,6.0,15.0,1.0,1.0,7.0,45.0,1.0,0.0,1.0,34:19,22.0,33.0,0.667,204.0,1.0,6.2,2.7,55.6,2.0,9.0,21.0,137.0,6.523809523809524,6.5,56.0,341.0,6.09,3.0,2.0,3.0,3.0,2.0,111.0,10.0,7.0,2.0,19.0,5.0,11.0,0.0,0.0,4.0,45.0,0.0,3.0,3.0,25:41,0,LAC,AFC West,AFC East
1.0,1.0,2025-09-07,Sun,,HOU,W,14.0,9.0,,21.0,29.0,0.7240000000000001,224.0,1.0,7.7,8.41,106.1,3.0,21.0,25.0,72.0,2.88,2.9,57.0,296.0,5.19,0.0,0.0,2.0,2.0,5.0,220.0,13.0,3.0,2.0,18.0,7.0,13.0,1.0,1.0,7.0,60.0,1.0,0.0,1.0,28:35,19.0,27.0,0.7040000000000001,151.0,0.0,5.6,3.93,68.6,3.0,37.0,27.0,114.0,4.222222222222222,4.2,57.0,265.0,4.65,3.0,3.0,0.0,0.0,4.0,208.0,7.0,8.0,3.0,18.0,2.0,9.0,1.0,1.0,11.0,80.0,1.0,1.0,2.0,31:25,0,LAR,NFC West,AFC South
2.0,2.0,2025-09-14,Sun,@,TEN,W,33.0,19.0,,23.0,33.0,0.6970000000000001,290.0,2.0,8.8,8.64,104.4,1.0,8.0,25.0,149.0,5.96,6.0,59.0,439.0,7.44,2.0,2.0,4.0,3.0,3.0,145.0,12.0,8.0,2.0,22.0,5.0,12.0,1.0,1.0,4.0,29.0,0.0,1.0,1.0,29:53,19.0,33.0,0.5760000000000001,143.0,1.0,4.3,4.94,78.2,5.0,32.0,26.0,109.0,4.1923076923076925,4.2,64.0,252.0,3.94,4.0,4.0,1.0,1.0,5.0,250.0,10.0,7.0,1.0,18.0,6.0,15.0,1.0,1.0,10.0,62.0,1.0,0.0,1.0,30:07,0,LAR,NFC West,AFC South
3.0,3.0,2025-09-21,Sun,@,PHI,L,26.0,33.0,,19.0,34.0,0.5589999999999999,196.0,2.0,5.8,5.62,80.0,1.0,0.0,31.0,160.0,5.161290322580645,5.2,66.0,356.0,5.39,6.0,4.0,2.0,2.0,1.0,36.0,10.0,11.0,1.0,22.0,3.0,10.0,0.0,1.0,4.0,41.0,0.0,1.0,1.0,29:25,21.0,32.0,0.6559999999999999,202.0,3.0,6.3,8.19,114.3,4.0,24.0,27.0,86.0,3.185185185185185,3.2,63.0,288.0,4.57,0.0,0.0,3.0,3.0,4.0,222.0,9.0,8.0,2.0,19.0,5.0,14.0,4.0,5.0,5.0,50.0,1.0,0.0,1.0,30:35,0,LAR,NFC West,NFC East
4.0,4.0,2025-09-28,Sun,,IND,W,27.0,20.0,,29.0,41.0,0.7070000000000001,360.0,3.0,8.8,10.24,122.0,3.0,15.0,26.0,102.0,3.923076923076923,3.9,70.0,462.0,6.6,2.0,2.0,3.0,3.0,4.0,211.0,15.0,7.0,2.0,24.0,4.0,12.0,1.0,2.0,7.0,63.0,1.0,0.0,1.0,31:44,24.0,33.0,0.727,248.0,1.0,7.5,5.39,78.9,2.0,14.0,21.0,85.0,4.047619047619048,4.0,56.0,333.0,5.95,2.0,2.0,2.0,2.0,4.0,209.0,11.0,4.0,2.0,17.0,4.0,12.0,1.0,1.0,11.0,88.0,1.0,2.0,3.0,28:16,0,LAR,NFC West,AFC South
5.0,5.0,2025-10-02,Thu,,SFO,L,23.0,26.0,OT,30.0,47.0,0.638,378.0,3.0,8.0,9.32,110.1,1.0,11.0,16.0,78.0,4.875,4.9,64.0,456.0,7.13,2.0,1.0,3.0,2.0,2.0,110.0,18.0,5.0,4.0,27.0,4.0,10.0,2.0,3.0,5.0,36.0,2.0,0.0,2.0,26:20,33.0,49.0,0.6729999999999999,333.0,2.0,6.8,7.61,100.1,1.0,9.0,33.0,74.0,2.242424242424242,2.2,83.0,407.0,4.9,4.0,4.0,2.0,2.0,4.0,168.0,19.0,6.0,2.0,27.0,7.0,18.0,3.0,3.0,8.0,44.0,0.0,0.0,0.0,40:04,0,LAR,NFC West,NFC West
6.0,6.0,2025-10-12,Sun,@,BAL,W,17.0,3.0,,17.0,26.0,0.654,167.0,1.0,6.4,7.19,96.2,2.0,14.0,23.0,74.0,3.217391304347826,3.2,51.0,241.0,4.73,2.0,1.0,2.0,2.0,2.0,113.0,10.0,4.0,1.0,15.0,4.0,10.0,1.0,2.0,6.0,40.0,1.0,0.0,1.0,22:05,21.0,34.0,0.618,117.0,0.0,3.4,2.12,55.6,4.0,23.0,37.0,179.0,4.837837837837838,4.8,75.0,296.0,3.95,1.0,1.0,0.0,0.0,1.0,53.0,6.0,11.0,2.0,19.0,7.0,17.0,2.0,6.0,7.0,80.0,2.0,1.0,3.0,37:55,0,LAR,NFC West,AFC North
1.0,1.0,2025-09-07,Sun,@,NWE,W,20.0,13.0,,24.0,34.0,0.706,333.0,1.0,9.8,9.06,99.3,4.0,29.0,24.0,56.0,2.333333333333333,2.3,62.0,389.0,6.27,3.0,2.0,2.0,2.0,5.0,249.0,17.0,3.0,1.0,21.0,5.0,13.0,1.0,1.0,9.0,77.0,0.0,1.0,1.0,29:55,30.0,46.0,0.652,276.0,1.0,6.0,5.46,79.6,4.0,11.0,18.0,60.0,3.333333333333333,3.3,68.0,336.0,4.94,3.0,2.0,1.0,1.0,6.0,244.0,15.0,2.0,1.0,18.0,4.0,14.0,1.0,1.0,8.0,70.0,0.0,1.0,1.0,30:05,0,LVR,AFC West,AFC East
2.0,2.0,2025-09-15,Mon,,LAC,L,9.0,20.0,,24.0,43.0,0.5579999999999999,150.0,0.0,3.5,0.35,34.1,3.0,30.0,19.0,68.0,3.5789473684210527,3.6,65.0,218.0,3.35,3.0,3.0,0.0,0.0,2.0,114.0,8.0,5.0,2.0,15.0,9.0,18.0,0.0,2.0,5.0,47.0,0.0,3.0,3.0,31:43,19.0,27.0,0.7040000000000001,236.0,2.0,8.7,10.22,121.8,2.0,6.0,26.0,81.0,3.1153846153846154,3.1,55.0,317.0,5.76,2.0,2.0,2.0,2.0,3.0,158.0,8.0,6.0,1.0,15.0,4.0,11.0,1.0,2.0,6.0,33.0,1.0,0.0,1.0,28:17,0,LVR,AFC West,AFC West
3.0,3.0,2025-09-21,Sun,@,WAS,L,24.0,41.0,,19.0,29.0,0.655,261.0,3.0,9.0,11.07,128.7,5.0,28.0,28.0,93.0,3.321428571428572,3.3,62.0,354.0,5.71,1.0,1.0,1.0,1.0,6.0,294.0,12.0,5.0,0.0,17.0,3.0,14.0,2.0,3.0,6.0,54.0,0.0,0.0,0.0,31:53,15.0,21.0,0.7140000000000001,199.0,1.0,9.5,10.43,117.0,1.0,8.0,32.0,201.0,6.28125,6.3,54.0,400.0,7.41,3.0,2.0,5.0,5.0,3.0,138.0,7.0,8.0,2.0,17.0,5.0,10.0,0.0,0.0,7.0,54.0,1.0,0.0,1.0,28:07,0,LVR,AFC West,NFC East
4.0,4.0,2025-09-28,Sun,,CHI,L,24.0,25.0,,14.0,21.0,0.667,117.0,2.0,5.6,1.05,73.0,0.0,0.0,31.0,240.0,7.741935483870968,7.7,52.0,357.0,6.87,2.0,1.0,3.0,3.0,1.0,60.0,6.0,10.0,1.0,17.0,2.0,8.0,0.0,1.0,5.0,36.0,1.0,3.0,4.0,26:50,22.0,37.0,0.595,202.0,1.0,5.5,4.78,72.1,1.0,10.0,26.0,69.0,2.6538461538461537,2.7,64.0,271.0,4.23,4.0,4.0,1.0,1.0,3.0,148.0,10.0,5.0,1.0,16.0,7.0,16.0,1.0,1.0,8.0,60.0,0.0,1.0,1.0,33:10,0,LVR,AFC West,NFC North
5.0,5.0,2025-10-05,Sun,@,IND,L,6.0,40.0,,25.0,36.0,0.6940000000000001,190.0,0.0,5.3,2.78,58.8,4.0,38.0,25.0,106.0,4.24,4.2,65.0,296.0,4.55,3.0,2.0,0.0,0.0,2.0,30.0,12.0,6.0,4.0,22.0,8.0,14.0,1.0,2.0,6.0,65.0,0.0,2.0,2.0,33:25,21.0,32.0,0.6559999999999999,221.0,2.0,6.9,8.16,106.4,0.0,0.0,25.0,96.0,3.84,3.8,57.0,317.0,5.56,0.0,0.0,2.0,2.0,2.0,101.0,12.0,9.0,3.0,24.0,8.0,10.0,0.0,0.0,9.0,77.0,0.0,0.0,0.0,26:35,0,LVR,AFC West,AFC South
6.0,6.0,2025-10-12,Sun,,TEN,W,20.0,10.0,,17.0,23.0,0.7390000000000001,158.0,1.0,6.9,5.78,88.7,2.0,16.0,32.0,68.0,2.125,2.1,57.0,226.0,3.96,2.0,2.0,2.0,2.0,4.0,167.0,9.0,4.0,3.0,16.0,6.0,13.0,1.0,1.0,6.0,27.0,0.0,1.0,1.0,32:26,26.0,38.0,0.684,160.0,1.0,4.2,3.55,74.5,6.0,62.0,15.0,65.0,4.333333333333333,4.3,59.0,225.0,3.81,1.0,1.0,1.0,1.0,5.0,220.0,11.0,3.0,1.0,15.0,3.0,13.0,2.0,2.0,7.0,34.0,2.0,1.0,3.0,27:34,0,LVR,AFC West,AFC South
1.0,1.0,2025-09-07,Sun,@,IND,L,8.0,33.0,,19.0,31.0,0.613,133.0,1.0,4.3,2.03,54.9,3.0,13.0,12.0,78.0,6.5,6.5,46.0,211.0,4.59,0.0,0.0,0.0,0.0,1.0,42.0,9.0,3.0,0.0,12.0,5.0,10.0,1.0,2.0,3.0,15.0,1.0,2.0,3.0,21:17,22.0,29.0,0.759,262.0,1.0,9.0,9.72,114.4,1.0,10.0,40.0,156.0,3.9,3.9,70.0,418.0,5.97,4.0,4.0,3.0,3.0,0.0,0.0,14.0,11.0,2.0,27.0,7.0,15.0,3.0,3.0,4.0,45.0,0.0,0.0,0.0,38:43,0,MIA,AFC East,AFC South
2.0,2.0,2025-09-14,Sun,,NWE,L,27.0,33.0,,26.0,32.0,0.813,297.0,2.0,9.3,9.13,113.2,5.0,18.0,15.0,61.0,4.066666666666666,4.1,52.0,358.0,6.88,2.0,2.0,3.0,3.0,2.0,88.0,15.0,1.0,0.0,16.0,4.0,10.0,0.0,2.0,10.0,65.0,0.0,1.0,1.0,26:15,19.0,23.0,0.826,211.0,2.0,9.2,10.91,133.9,3.0,19.0,29.0,122.0,4.206896551724138,4.2,55.0,333.0,6.05,2.0,2.0,3.0,1.0,2.0,136.0,9.0,8.0,1.0,18.0,7.0,12.0,1.0,1.0,12.0,75.0,0.0,0.0,0.0,33:45,0,MIA,AFC East,AFC East
3.0,3.0,2025-09-18,Thu,@,BUF,L,21.0,31.0,,22.0,34.0,0.647,146.0,2.0,4.3,4.15,81.2,0.0,0.0,25.0,130.0,5.2,5.2,59.0,276.0,4.68,0.0,0.0,3.0,3.0,4.0,200.0,11.0,8.0,0.0,19.0,10.0,15.0,1.0,1.0,6.0,57.0,0.0,1.0,1.0,28:13,22.0,28.0,0.7859999999999999,203.0,3.0,7.3,9.39,132.6,2.0,10.0,27.0,157.0,5.814814814814815,5.8,57.0,360.0,6.32,2.0,1.0,4.0,4.0,2.0,95.0,12.0,8.0,3.0,23.0,6.0,11.0,0.0,0.0,3.0,35.0,0.0,0.0,0.0,31:47,0,MIA,AFC East,AFC East
4.0,4.0,2025-09-29,Mon,,NYJ,W,27.0,21.0,,17.0,25.0,0.68,177.0,2.0,7.1,8.68,114.9,0.0,0.0,31.0,123.0,3.967741935483871,4.0,56.0,300.0,5.36,2.0,2.0,3.0,3.0,4.0,192.0,12.0,5.0,2.0,19.0,4.0,12.0,1.0,1.0,6.0,40.0,0.0,0.0,0.0,30:48,20.0,27.0,0.741,207.0,1.0,7.7,8.41,108.1,2.0,19.0,28.0,197.0,7.035714285714286,7.0,57.0,404.0,7.09,2.0,2.0,1.0,1.0,2.0,84.0,12.0,9.0,2.0,23.0,4.0,9.0,1.0,2.0,13.0,101.0,3.0,0.0,3.0,29:12,0,MIA,AFC East,AFC East
5.0,5.0,2025-10-05,Sun,@,CAR,L,24.0,27.0,,27.0,36.0,0.75,229.0,3.0,6.4,8.03,118.9,3.0,27.0,14.0,19.0,1.3571428571428572,1.4,53.0,248.0,4.68,1.0,1.0,3.0,3.0,6.0,312.0,13.0,2.0,0.0,15.0,5.0,13.0,1.0,1.0,9.0,64.0,0.0,0.0,0.0,28:46,19.0,30.0,0.633,179.0,2.0,6.0,5.8,88.1,3.0,19.0,32.0,239.0,7.46875,7.5,65.0,418.0,6.43,2.0,2.0,3.0,3.0,3.0,161.0,12.0,8.0,6.0,26.0,5.0,11.0,2.0,2.0,8.0,46.0,1.0,1.0,2.0,31:14,0,MIA,AFC East,NFC South
6.0,6.0,2025-10-12,Sun,,LAC,L,27.0,29.0,,22.0,33.0,0.667,204.0,1.0,6.2,2.7,55.6,2.0,9.0,21.0,137.0,6.523809523809524,6.5,56.0,341.0,6.09,3.0,2.0,3.0,3.0,2.0,111.0,10.0,7.0,2.0,19.0,5.0,11.0,0.0,0.0,4.0,45.0,0.0,3.0,3.0,25:41,29.0,38.0,0.763,263.0,2.0,6.9,7.97,112.1,1.0,1.0,25.0,140.0,5.6,5.6,64.0,403.0,6.3,5.0,5.0,2.0,2.0,2.0,94.0,12.0,7.0,1.0,20.0,6.0,15.0,1.0,1.0,7.0,45.0,1.0,0.0,1.0,34:19,0,MIA,AFC East,AFC West
1.0,1.0,2025-09-08,Mon,@,CHI,W,27.0,24.0,,13.0,20.0,0.65,134.0,2.0,6.7,6.45,96.7,3.0,9.0,26.0,120.0,4.615384615384615,4.6,49.0,254.0,5.18,2.0,2.0,1.0,1.0,7.0,333.0,5.0,6.0,3.0,14.0,3.0,12.0,0.0,0.0,8.0,50.0,0.0,1.0,1.0,27:07,21.0,35.0,0.6,198.0,1.0,5.7,6.23,85.2,2.0,12.0,26.0,119.0,4.576923076923077,4.6,63.0,317.0,5.03,2.0,1.0,3.0,3.0,6.0,266.0,10.0,7.0,3.0,20.0,3.0,12.0,0.0,1.0,12.0,127.0,1.0,0.0,1.0,32:53,0,MIN,NFC North,NFC North
2.0,2.0,2025-09-14,Sun,,ATL,L,6.0,22.0,,11.0,21.0,0.524,120.0,0.0,5.7,1.43,30.0,6.0,38.0,19.0,78.0,4.105263157894737,4.1,46.0,198.0,4.3,2.0,2.0,0.0,0.0,4.0,204.0,7.0,3.0,0.0,10.0,4.0,11.0,1.0,2.0,8.0,50.0,2.0,2.0,4.0,23:28,13.0,21.0,0.619,108.0,0.0,5.1,5.14,75.1,3.0,27.0,39.0,218.0,5.589743589743589,5.6,63.0,326.0,5.17,5.0,5.0,1.0,1.0,3.0,137.0,5.0,12.0,2.0,19.0,6.0,15.0,0.0,0.0,5.0,29.0,1.0,0.0,1.0,36:32,0,MIN,NFC North,NFC South
3.0,3.0,2025-09-21,Sun,,CIN,W,48.0,10.0,,16.0,24.0,0.667,183.0,2.0,7.6,9.29,117.2,3.0,19.0,31.0,169.0,5.451612903225806,5.5,58.0,352.0,6.07,2.0,2.0,6.0,6.0,5.0,220.0,10.0,10.0,2.0,22.0,4.0,12.0,1.0,1.0,13.0,105.0,0.0,0.0,0.0,30:56,19.0,27.0,0.7040000000000001,118.0,1.0,4.4,1.78,60.4,4.0,22.0,21.0,53.0,2.523809523809524,2.5,52.0,171.0,3.29,1.0,1.0,1.0,1.0,6.0,328.0,6.0,3.0,3.0,12.0,3.0,11.0,0.0,0.0,4.0,45.0,3.0,2.0,5.0,29:04,0,MIN,NFC North,AFC North
4.0,4.0,2025-09-28,Sun,@,PIT,L,21.0,24.0,,30.0,46.0,0.652,302.0,2.0,6.6,5.48,80.2,6.0,48.0,20.0,70.0,3.5,3.5,72.0,372.0,5.17,2.0,2.0,1.0,1.0,3.0,136.0,15.0,6.0,2.0,23.0,4.0,14.0,2.0,3.0,8.0,82.0,0.0,2.0,2.0,33:34,18.0,22.0,0.818,182.0,1.0,8.3,9.18,116.3,2.0,18.0,29.0,131.0,4.517241379310345,4.5,53.0,313.0,5.91,2.0,1.0,3.0,3.0,3.0,146.0,6.0,11.0,2.0,19.0,4.0,10.0,0.0,1.0,5.0,35.0,0.0,0.0,0.0,26:26,0,MIN,NFC North,AFC North
5.0,5.0,2025-10-05,Sun,@,CLE,W,21.0,17.0,,26.0,35.0,0.743,252.0,2.0,7.2,8.34,113.0,3.0,16.0,23.0,97.0,4.217391304347826,4.2,61.0,349.0,5.72,1.0,0.0,3.0,3.0,5.0,286.0,14.0,4.0,2.0,20.0,3.0,9.0,0.0,0.0,7.0,50.0,2.0,0.0,2.0,29:31,19.0,33.0,0.5760000000000001,182.0,2.0,5.5,6.73,93.2,2.0,8.0,32.0,140.0,4.375,4.4,67.0,322.0,4.81,1.0,1.0,2.0,2.0,8.0,360.0,9.0,8.0,0.0,17.0,3.0,15.0,3.0,3.0,10.0,78.0,0.0,0.0,0.0,30:29,0,MIN,NFC North,AFC North
1.0,1.0,2025-09-07,Sun,,LVR,L,13.0,20.0,,30.0,46.0,0.652,276.0,1.0,6.0,5.46,79.6,4.0,11.0,18.0,60.0,3.333333333333333,3.3,68.0,336.0,4.94,3.0,2.0,1.0,1.0,6.0,244.0,15.0,2.0,1.0,18.0,4.0,14.0,1.0,1.0,8.0,70.0,0.0,1.0,1.0,30:05,24.0,34.0,0.706,333.0,1.0,9.8,9.06,99.3,4.0,29.0,24.0,56.0,2.333333333333333,2.3,62.0,389.0,6.27,3.0,2.0,2.0,2.0,5.0,249.0,17.0,3.0,1.0,21.0,5.0,13.0,1.0,1.0,9.0,77.0,0.0,1.0,1.0,29:55,0,NWE,AFC East,AFC West
2.0,2.0,2025-09-14,Sun,@,MIA,W,33.0,27.0,,19.0,23.0,0.826,211.0,2.0,9.2,10.91,133.9,3.0,19.0,29.0,122.0,4.206896551724138,4.2,55.0,333.0,6.05,2.0,2.0,3.0,1.0,2.0,136.0,9.0,8.0,1.0,18.0,7.0,12.0,1.0,1.0,12.0,75.0,0.0,0.0,0.0,33:45,26.0,32.0,0.813,297.0,2.0,9.3,9.13,113.2,5.0,18.0,15.0,61.0,4.066666666666666,4.1,52.0,358.0,6.88,2.0,2.0,3.0,3.0,2.0,88.0,15.0,1.0,0.0,16.0,4.0,10.0,0.0,2.0,10.0,65.0,0.0,1.0,1.0,26:15,0,NWE,AFC East,AFC East
3.0,3.0,2025-09-21,Sun,,PIT,L,14.0,21.0,,28.0,37.0,0.757,250.0,2.0,6.8,6.62,100.1,5.0,18.0,29.0,119.0,4.103448275862069,4.1,71.0,369.0,5.2,0.0,0.0,2.0,2.0,1.0,59.0,13.0,10.0,3.0,26.0,6.0,13.0,4.0,5.0,7.0,54.0,4.0,1.0,5.0,33:20,16.0,23.0,0.696,139.0,2.0,6.0,5.83,96.1,0.0,0.0,26.0,64.0,2.4615384615384617,2.5,49.0,203.0,4.14,0.0,0.0,3.0,3.0,4.0,169.0,5.0,7.0,5.0,17.0,4.0,9.0,0.0,0.0,8.0,59.0,0.0,1.0,1.0,26:40,0,NWE,AFC East,AFC North
4.0,4.0,2025-09-28,Sun,,CAR,W,42.0,13.0,,14.0,18.0,0.778,203.0,2.0,11.3,13.5,150.7,1.0,0.0,29.0,104.0,3.586206896551724,3.6,48.0,307.0,6.4,0.0,0.0,6.0,6.0,4.0,205.0,8.0,7.0,1.0,16.0,3.0,9.0,1.0,1.0,7.0,54.0,0.0,0.0,0.0,24:46,23.0,36.0,0.639,197.0,2.0,5.5,6.58,96.6,1.0,11.0,28.0,129.0,4.607142857142857,4.6,65.0,326.0,5.02,1.0,0.0,2.0,1.0,5.0,231.0,11.0,8.0,2.0,21.0,5.0,14.0,1.0,3.0,5.0,29.0,0.0,0.0,0.0,35:14,0,NWE,AFC East,NFC South
5.0,5.0,2025-10-05,Sun,@,BUF,W,23.0,20.0,,22.0,30.0,0.733,267.0,0.0,8.9,8.9,100.3,4.0,6.0,22.0,71.0,3.227272727272727,3.2,56.0,338.0,6.04,3.0,3.0,2.0,2.0,4.0,191.0,13.0,5.0,3.0,21.0,3.0,9.0,0.0,0.0,8.0,93.0,1.0,0.0,1.0,25:29,22.0,31.0,0.71,245.0,2.0,7.9,7.74,102.2,1.0,8.0,29.0,118.0,4.068965517241379,4.1,61.0,363.0,5.95,2.0,2.0,2.0,2.0,2.0,70.0,16.0,5.0,4.0,25.0,5.0,9.0,0.0,0.0,11.0,90.0,2.0,1.0,3.0,34:31,0,NWE,AFC East,AFC East
6.0,6.0,2025-10-12,Sun,@,NOR,W,25.0,19.0,,18.0,26.0,0.6920000000000001,260.0,3.0,10.0,12.31,139.9,1.0,1.0,31.0,73.0,2.3548387096774195,2.4,58.0,333.0,5.74,1.0,1.0,2.0,2.0,3.0,144.0,12.0,5.0,2.0,19.0,6.0,13.0,1.0,2.0,11.0,65.0,0.0,0.0,0.0,31:44,20.0,26.0,0.769,223.0,0.0,8.6,8.58,101.9,2.0,4.0,23.0,73.0,3.1739130434782608,3.2,51.0,296.0,5.8,4.0,4.0,1.0,1.0,2.0,70.0,7.0,7.0,3.0,17.0,3.0,9.0,0.0,0.0,8.0,67.0,1.0,0.0,1.0,28:16,0,NWE,AFC East,NFC South
1.0,1.0,2025-09-07,Sun,,ARI,L,13.0,20.0,,27.0,46.0,0.5870000000000001,208.0,0.0,4.5,4.52,69.8,1.0,6.0,22.0,107.0,4.863636363636363,4.9,69.0,315.0,4.57,3.0,2.0,1.0,1.0,4.0,202.0,12.0,5.0,4.0,21.0,5.0,14.0,1.0,2.0,13.0,89.0,0.0,0.0,0.0,26:14,21.0,29.0,0.7240000000000001,130.0,2.0,4.5,5.86,104.1,5.0,33.0,27.0,146.0,5.407407407407407,5.4,61.0,276.0,4.52,3.0,2.0,2.0,2.0,4.0,188.0,11.0,5.0,3.0,19.0,6.0,13.0,0.0,0.0,9.0,54.0,0.0,0.0,0.0,33:46,0,NOR,NFC South,NFC West
2.0,2.0,2025-09-14,Sun,,SFO,L,21.0,26.0,,25.0,34.0,0.735,186.0,3.0,5.5,7.24,115.6,3.0,21.0,30.0,121.0,4.033333333333333,4.0,67.0,307.0,4.58,1.0,0.0,3.0,3.0,4.0,171.0,12.0,6.0,3.0,21.0,4.0,11.0,1.0,2.0,7.0,45.0,1.0,0.0,1.0,29:15,26.0,39.0,0.667,267.0,3.0,6.8,8.38,111.8,3.0,12.0,26.0,77.0,2.9615384615384617,3.0,68.0,344.0,5.06,2.0,2.0,3.0,2.0,4.0,173.0,15.0,5.0,3.0,23.0,8.0,15.0,0.0,0.0,5.0,40.0,1.0,0.0,1.0,30:45,0,NOR,NFC South,NFC West
3.0,3.0,2025-09-21,Sun,@,SEA,L,13.0,44.0,,28.0,41.0,0.6829999999999999,205.0,1.0,5.0,4.39,77.8,2.0,13.0,27.0,79.0,2.925925925925926,2.9,70.0,284.0,4.06,3.0,2.0,1.0,1.0,6.0,243.0,12.0,4.0,5.0,21.0,5.0,15.0,0.0,2.0,11.0,77.0,0.0,1.0,1.0,32:15,16.0,21.0,0.762,233.0,2.0,11.1,13.0,143.6,0.0,0.0,33.0,87.0,2.636363636363636,2.6,54.0,320.0,5.93,3.0,3.0,5.0,5.0,2.0,92.0,11.0,7.0,4.0,22.0,3.0,9.0,0.0,0.0,8.0,70.0,1.0,0.0,1.0,27:45,0,NOR,NFC South,NFC West
4.0,4.0,2025-09-28,Sun,@,BUF,L,19.0,31.0,,18.0,28.0,0.643,109.0,1.0,3.9,3.0,68.9,3.0,17.0,34.0,189.0,5.5588235294117645,5.6,65.0,298.0,4.58,2.0,2.0,1.0,1.0,3.0,142.0,7.0,14.0,1.0,22.0,5.0,13.0,0.0,2.0,4.0,41.0,0.0,1.0,1.0,28:39,16.0,22.0,0.727,191.0,2.0,8.7,8.45,110.2,3.0,18.0,32.0,165.0,5.15625,5.2,57.0,356.0,6.25,1.0,1.0,4.0,4.0,2.0,83.0,10.0,9.0,1.0,20.0,3.0,10.0,0.0,1.0,11.0,55.0,0.0,1.0,1.0,31:21,0,NOR,NFC South,AFC East
5.0,5.0,2025-10-05,Sun,,NYG,W,26.0,14.0,,22.0,32.0,0.688,244.0,1.0,7.6,8.25,101.6,0.0,0.0,30.0,88.0,2.933333333333333,2.9,62.0,332.0,5.35,6.0,4.0,2.0,2.0,2.0,83.0,10.0,5.0,3.0,18.0,7.0,15.0,1.0,1.0,7.0,43.0,0.0,0.0,0.0,28:10,26.0,40.0,0.65,199.0,2.0,5.0,3.73,72.8,1.0,3.0,29.0,136.0,4.689655172413793,4.7,70.0,335.0,4.79,0.0,0.0,2.0,2.0,2.0,75.0,10.0,11.0,2.0,23.0,3.0,10.0,3.0,5.0,8.0,95.0,3.0,2.0,5.0,31:50,0,NOR,NFC South,NFC East
6.0,6.0,2025-10-12,Sun,,NWE,L,19.0,25.0,,20.0,26.0,0.769,223.0,0.0,8.6,8.58,101.9,2.0,4.0,23.0,73.0,3.1739130434782608,3.2,51.0,296.0,5.8,4.0,4.0,1.0,1.0,2.0,70.0,7.0,7.0,3.0,17.0,3.0,9.0,0.0,0.0,8.0,67.0,1.0,0.0,1.0,28:16,18.0,26.0,0.6920000000000001,260.0,3.0,10.0,12.31,139.9,1.0,1.0,31.0,73.0,2.3548387096774195,2.4,58.0,333.0,5.74,1.0,1.0,2.0,2.0,3.0,144.0,12.0,5.0,2.0,19.0,6.0,13.0,1.0,2.0,11.0,65.0,0.0,0.0,0.0,31:44,0,NOR,NFC South,AFC East
1.0,1.0,2025-09-07,Sun,@,WAS,L,6.0,21.0,,17.0,37.0,0.4589999999999999,157.0,0.0,4.2,4.24,58.1,2.0,11.0,23.0,74.0,3.217391304347826,3.2,62.0,231.0,3.73,2.0,2.0,0.0,0.0,6.0,287.0,9.0,4.0,4.0,17.0,4.0,16.0,1.0,2.0,6.0,35.0,0.0,0.0,0.0,30:32,19.0,30.0,0.633,212.0,1.0,7.1,7.73,95.4,3.0,21.0,32.0,220.0,6.875,6.9,65.0,432.0,6.65,0.0,0.0,3.0,3.0,5.0,245.0,11.0,11.0,3.0,25.0,4.0,11.0,0.0,0.0,12.0,89.0,0.0,0.0,0.0,29:28,0,NYG,NFC East,NFC East
2.0,2.0,2025-09-14,Sun,@,DAL,L,37.0,40.0,OT,30.0,41.0,0.732,422.0,3.0,10.3,10.66,120.2,3.0,28.0,21.0,84.0,4.0,4.0,65.0,506.0,7.78,3.0,3.0,4.0,4.0,3.0,135.0,15.0,6.0,1.0,22.0,6.0,14.0,1.0,2.0,14.0,160.0,0.0,1.0,1.0,32:39,38.0,52.0,0.731,343.0,2.0,6.6,6.5,95.3,3.0,18.0,28.0,135.0,4.821428571428571,4.8,83.0,478.0,5.76,4.0,4.0,4.0,4.0,4.0,191.0,18.0,8.0,6.0,32.0,6.0,14.0,1.0,1.0,12.0,106.0,0.0,1.0,1.0,37:21,0,NYG,NFC East,NFC East
3.0,3.0,2025-09-21,Sun,,KAN,L,9.0,22.0,,18.0,32.0,0.563,151.0,0.0,4.7,1.91,42.6,2.0,9.0,27.0,130.0,4.814814814814815,4.8,61.0,281.0,4.61,1.0,1.0,1.0,0.0,2.0,61.0,7.0,8.0,4.0,19.0,1.0,10.0,1.0,4.0,7.0,82.0,0.0,2.0,2.0,28:10,22.0,37.0,0.595,201.0,1.0,5.4,5.97,83.3,2.0,23.0,28.0,105.0,3.75,3.8,67.0,306.0,4.57,4.0,3.0,2.0,1.0,3.0,139.0,13.0,6.0,3.0,22.0,8.0,15.0,0.0,0.0,8.0,85.0,0.0,0.0,0.0,31:50,0,NYG,NFC East,AFC West
4.0,4.0,2025-09-28,Sun,,LAC,W,21.0,18.0,,14.0,21.0,0.667,89.0,1.0,4.2,5.19,91.2,6.0,30.0,42.0,161.0,3.8333333333333335,3.8,69.0,250.0,3.62,2.0,2.0,1.0,1.0,5.0,244.0,6.0,11.0,3.0,20.0,7.0,15.0,0.0,1.0,8.0,43.0,0.0,0.0,0.0,35:28,23.0,41.0,0.561,186.0,1.0,4.5,2.83,55.5,2.0,17.0,13.0,152.0,11.692307692307692,11.7,56.0,338.0,6.04,1.0,1.0,1.0,1.0,5.0,244.0,8.0,6.0,3.0,17.0,4.0,12.0,0.0,0.0,14.0,107.0,0.0,2.0,2.0,24:32,0,NYG,NFC East,AFC West
5.0,5.0,2025-10-05,Sun,@,NOR,L,14.0,26.0,,26.0,40.0,0.65,199.0,2.0,5.0,3.73,72.8,1.0,3.0,29.0,136.0,4.689655172413793,4.7,70.0,335.0,4.79,0.0,0.0,2.0,2.0,2.0,75.0,10.0,11.0,2.0,23.0,3.0,10.0,3.0,5.0,8.0,95.0,3.0,2.0,5.0,31:50,22.0,32.0,0.688,244.0,1.0,7.6,8.25,101.6,0.0,0.0,30.0,88.0,2.933333333333333,2.9,62.0,332.0,5.35,6.0,4.0,2.0,2.0,2.0,83.0,10.0,5.0,3.0,18.0,7.0,15.0,1.0,1.0,7.0,43.0,0.0,0.0,0.0,28:10,0,NYG,NFC East,NFC South
6.0,6.0,2025-10-09,Thu,,PHI,W,34.0,17.0,,17.0,26.0,0.654,194.0,1.0,7.5,8.23,100.5,2.0,1.0,39.0,172.0,4.410256410256411,4.4,67.0,366.0,5.46,0.0,0.0,5.0,4.0,4.0,171.0,8.0,14.0,3.0,25.0,11.0,16.0,0.0,0.0,6.0,55.0,0.0,0.0,0.0,30:59,24.0,33.0,0.727,266.0,1.0,8.1,7.3,93.7,3.0,17.0,20.0,73.0,3.65,3.7,56.0,339.0,6.05,1.0,1.0,2.0,2.0,4.0,214.0,14.0,5.0,1.0,20.0,1.0,9.0,2.0,2.0,4.0,46.0,1.0,1.0,2.0,29:01,0,NYG,NFC East,NFC East
1.0,1.0,2025-09-07,Sun,,PIT,L,32.0,34.0,,16.0,22.0,0.727,212.0,1.0,9.6,10.55,118.0,1.0,6.0,39.0,182.0,4.666666666666667,4.7,62.0,394.0,6.35,2.0,2.0,2.0,2.0,2.0,94.0,9.0,13.0,1.0,23.0,7.0,14.0,1.0,2.0,7.0,74.0,1.0,0.0,1.0,34:43,22.0,30.0,0.733,218.0,4.0,7.3,9.93,133.1,4.0,26.0,20.0,53.0,2.65,2.7,54.0,271.0,5.02,2.0,2.0,4.0,4.0,4.0,190.0,14.0,2.0,3.0,19.0,4.0,10.0,0.0,0.0,4.0,26.0,0.0,0.0,0.0,25:17,0,NYJ,AFC East,AFC North
2.0,2.0,2025-09-14,Sun,,BUF,L,10.0,30.0,,10.0,22.0,0.455,54.0,1.0,2.5,3.36,67.6,4.0,29.0,21.0,100.0,4.761904761904762,4.8,47.0,154.0,3.28,1.0,1.0,1.0,1.0,7.0,340.0,5.0,5.0,1.0,11.0,0.0,11.0,3.0,3.0,5.0,35.0,1.0,0.0,1.0,21:39,15.0,27.0,0.556,179.0,0.0,6.6,6.63,76.0,1.0,1.0,43.0,224.0,5.209302325581396,5.2,71.0,403.0,5.68,3.0,3.0,3.0,3.0,3.0,130.0,9.0,12.0,4.0,25.0,5.0,14.0,2.0,2.0,6.0,69.0,0.0,0.0,0.0,38:21,0,NYJ,AFC East,AFC East
3.0,3.0,2025-09-21,Sun,@,TAM,L,27.0,29.0,,26.0,36.0,0.722,168.0,2.0,4.7,4.53,88.7,4.0,29.0,23.0,99.0,4.304347826086956,4.3,63.0,267.0,4.24,2.0,2.0,3.0,3.0,2.0,97.0,13.0,5.0,3.0,21.0,3.0,11.0,1.0,3.0,7.0,81.0,1.0,1.0,2.0,27:49,19.0,29.0,0.655,225.0,1.0,7.8,8.45,100.5,1.0,8.0,34.0,122.0,3.588235294117647,3.6,64.0,347.0,5.42,6.0,5.0,2.0,2.0,4.0,162.0,12.0,4.0,3.0,19.0,4.0,13.0,0.0,0.0,14.0,124.0,0.0,0.0,0.0,32:11,0,NYJ,AFC East,NFC South
4.0,4.0,2025-09-29,Mon,@,MIA,L,21.0,27.0,,20.0,27.0,0.741,207.0,1.0,7.7,8.41,108.1,2.0,19.0,28.0,197.0,7.035714285714286,7.0,57.0,404.0,7.09,2.0,2.0,1.0,1.0,2.0,84.0,12.0,9.0,2.0,23.0,4.0,9.0,1.0,2.0,13.0,101.0,3.0,0.0,3.0,29:12,17.0,25.0,0.68,177.0,2.0,7.1,8.68,114.9,0.0,0.0,31.0,123.0,3.967741935483871,4.0,56.0,300.0,5.36,2.0,2.0,3.0,3.0,4.0,192.0,12.0,5.0,2.0,19.0,4.0,12.0,1.0,1.0,6.0,40.0,0.0,0.0,0.0,30:48,0,NYJ,AFC East,AFC East
5.0,5.0,2025-10-05,Sun,,DAL,L,22.0,37.0,,32.0,46.0,0.696,234.0,2.0,5.1,5.96,95.7,5.0,49.0,22.0,144.0,6.545454545454546,6.5,73.0,378.0,5.18,2.0,2.0,0.0,0.0,4.0,176.0,14.0,9.0,2.0,25.0,7.0,16.0,1.0,3.0,10.0,61.0,1.0,0.0,1.0,34:36,18.0,29.0,0.621,236.0,4.0,8.1,10.9,127.3,1.0,1.0,29.0,180.0,6.206896551724138,6.2,59.0,416.0,7.05,1.0,1.0,5.0,4.0,5.0,228.0,12.0,9.0,1.0,22.0,6.0,13.0,0.0,0.0,11.0,91.0,0.0,0.0,0.0,25:24,0,NYJ,AFC East,NFC East
6.0,6.0,2025-10-12,Sun,,DEN,L,11.0,13.0,,9.0,17.0,0.529,-10.0,0.0,-0.6,-0.59,58.7,9.0,55.0,31.0,92.0,2.967741935483871,3.0,57.0,82.0,1.44,3.0,3.0,0.0,0.0,7.0,355.0,2.0,6.0,0.0,8.0,2.0,15.0,1.0,2.0,2.0,15.0,0.0,0.0,0.0,28:52,19.0,30.0,0.633,168.0,1.0,5.6,6.27,89.3,1.0,6.0,26.0,78.0,3.0,3.0,57.0,246.0,4.32,2.0,2.0,1.0,1.0,6.0,291.0,9.0,3.0,0.0,12.0,5.0,15.0,1.0,1.0,6.0,37.0,1.0,0.0,1.0,31:08,0,NYJ,AFC East,AFC West
1.0,1.0,2025-09-04,Thu,,DAL,W,24.0,20.0,,19.0,23.0,0.826,144.0,0.0,6.3,6.26,92.8,1.0,8.0,38.0,158.0,4.157894736842105,4.2,62.0,302.0,4.87,1.0,1.0,3.0,3.0,3.0,146.0,6.0,14.0,0.0,20.0,8.0,13.0,0.0,0.0,9.0,110.0,0.0,0.0,0.0,34:52,21.0,34.0,0.618,188.0,0.0,5.5,5.53,76.6,0.0,0.0,22.0,119.0,5.409090909090909,5.4,56.0,307.0,5.48,2.0,2.0,2.0,2.0,2.0,87.0,9.0,7.0,6.0,22.0,7.0,11.0,0.0,1.0,4.0,42.0,1.0,0.0,1.0,25:08,0,PHI,NFC East,NFC East
2.0,2.0,2025-09-14,Sun,@,KAN,W,20.0,17.0,,15.0,22.0,0.682,94.0,0.0,4.3,4.27,76.7,2.0,7.0,34.0,122.0,3.588235294117647,3.6,58.0,216.0,3.72,2.0,2.0,2.0,2.0,5.0,274.0,4.0,9.0,3.0,16.0,5.0,14.0,1.0,1.0,6.0,48.0,0.0,0.0,0.0,32:34,16.0,29.0,0.552,173.0,1.0,6.0,5.1,70.0,2.0,14.0,26.0,121.0,4.653846153846154,4.7,57.0,294.0,5.16,2.0,1.0,2.0,2.0,3.0,178.0,7.0,9.0,1.0,17.0,4.0,12.0,2.0,3.0,6.0,45.0,0.0,1.0,1.0,27:26,0,PHI,NFC East,AFC West
3.0,3.0,2025-09-21,Sun,,LAR,W,33.0,26.0,,21.0,32.0,0.6559999999999999,202.0,3.0,6.3,8.19,114.3,4.0,24.0,27.0,86.0,3.185185185185185,3.2,63.0,288.0,4.57,0.0,0.0,3.0,3.0,4.0,222.0,9.0,8.0,2.0,19.0,5.0,14.0,4.0,5.0,5.0,50.0,1.0,0.0,1.0,30:35,19.0,34.0,0.5589999999999999,196.0,2.0,5.8,5.62,80.0,1.0,0.0,31.0,160.0,5.161290322580645,5.2,66.0,356.0,5.39,6.0,4.0,2.0,2.0,1.0,36.0,10.0,11.0,1.0,22.0,3.0,10.0,0.0,1.0,4.0,41.0,0.0,1.0,1.0,29:25,0,PHI,NFC East,NFC West
4.0,4.0,2025-09-28,Sun,@,TAM,W,31.0,25.0,,15.0,24.0,0.625,112.0,2.0,4.7,6.33,101.4,2.0,18.0,32.0,88.0,2.75,2.8,58.0,200.0,3.45,1.0,1.0,4.0,4.0,7.0,363.0,10.0,5.0,1.0,16.0,5.0,14.0,0.0,1.0,8.0,83.0,0.0,0.0,0.0,28:08,22.0,40.0,0.55,272.0,2.0,6.8,6.68,82.5,2.0,17.0,26.0,104.0,4.0,4.0,68.0,376.0,5.53,3.0,3.0,2.0,2.0,4.0,110.0,7.0,5.0,6.0,18.0,3.0,13.0,1.0,3.0,5.0,40.0,1.0,1.0,2.0,31:52,0,PHI,NFC East,NFC South
5.0,5.0,2025-10-05,Sun,,DEN,L,17.0,21.0,,23.0,38.0,0.605,257.0,2.0,6.8,7.82,98.2,6.0,23.0,11.0,45.0,4.090909090909091,4.1,55.0,302.0,5.49,1.0,1.0,2.0,2.0,7.0,359.0,11.0,2.0,3.0,16.0,2.0,11.0,0.0,0.0,9.0,55.0,0.0,0.0,0.0,25:43,24.0,39.0,0.615,228.0,1.0,5.8,6.36,86.3,2.0,14.0,29.0,130.0,4.482758620689655,4.5,70.0,358.0,5.11,2.0,2.0,1.0,1.0,7.0,328.0,12.0,8.0,3.0,23.0,5.0,16.0,0.0,0.0,12.0,121.0,0.0,0.0,0.0,34:17,0,PHI,NFC East,AFC West
6.0,6.0,2025-10-09,Thu,@,NYG,L,17.0,34.0,,24.0,33.0,0.727,266.0,1.0,8.1,7.3,93.7,3.0,17.0,20.0,73.0,3.65,3.7,56.0,339.0,6.05,1.0,1.0,2.0,2.0,4.0,214.0,14.0,5.0,1.0,20.0,1.0,9.0,2.0,2.0,4.0,46.0,1.0,1.0,2.0,29:01,17.0,26.0,0.654,194.0,1.0,7.5,8.23,100.5,2.0,1.0,39.0,172.0,4.410256410256411,4.4,67.0,366.0,5.46,0.0,0.0,5.0,4.0,4.0,171.0,8.0,14.0,3.0,25.0,11.0,16.0,0.0,0.0,6.0,55.0,0.0,0.0,0.0,30:59,0,PHI,NFC East,NFC East
1.0,1.0,2025-09-07,Sun,@,NYJ,W,34.0,32.0,,22.0,30.0,0.733,218.0,4.0,7.3,9.93,133.1,4.0,26.0,20.0,53.0,2.65,2.7,54.0,271.0,5.02,2.0,2.0,4.0,4.0,4.0,190.0,14.0,2.0,3.0,19.0,4.0,10.0,0.0,0.0,4.0,26.0,0.0,0.0,0.0,25:17,16.0,22.0,0.727,212.0,1.0,9.6,10.55,118.0,1.0,6.0,39.0,182.0,4.666666666666667,4.7,62.0,394.0,6.35,2.0,2.0,2.0,2.0,2.0,94.0,9.0,13.0,1.0,23.0,7.0,14.0,1.0,2.0,7.0,74.0,1.0,0.0,1.0,34:43,0,PIT,AFC North,AFC East
2.0,2.0,2025-09-14,Sun,,SEA,L,17.0,31.0,,20.0,35.0,0.5710000000000001,195.0,1.0,5.6,3.57,58.6,3.0,20.0,21.0,72.0,3.4285714285714284,3.4,59.0,267.0,4.53,3.0,3.0,0.0,0.0,4.0,221.0,6.0,6.0,1.0,13.0,5.0,15.0,1.0,2.0,2.0,15.0,0.0,2.0,2.0,28:43,22.0,33.0,0.667,278.0,2.0,8.4,6.91,87.7,2.0,17.0,29.0,117.0,4.0344827586206895,4.0,64.0,395.0,6.17,2.0,1.0,4.0,4.0,4.0,175.0,13.0,8.0,0.0,21.0,6.0,14.0,1.0,2.0,2.0,10.0,0.0,2.0,2.0,31:17,0,PIT,AFC North,NFC West
3.0,3.0,2025-09-21,Sun,@,NWE,W,21.0,14.0,,16.0,23.0,0.696,139.0,2.0,6.0,5.83,96.1,0.0,0.0,26.0,64.0,2.4615384615384617,2.5,49.0,203.0,4.14,0.0,0.0,3.0,3.0,4.0,169.0,5.0,7.0,5.0,17.0,4.0,9.0,0.0,0.0,8.0,59.0,0.0,1.0,1.0,26:40,28.0,37.0,0.757,250.0,2.0,6.8,6.62,100.1,5.0,18.0,29.0,119.0,4.103448275862069,4.1,71.0,369.0,5.2,0.0,0.0,2.0,2.0,1.0,59.0,13.0,10.0,3.0,26.0,6.0,13.0,4.0,5.0,7.0,54.0,4.0,1.0,5.0,33:20,0,PIT,AFC North,AFC East
4.0,4.0,2025-09-28,Sun,,MIN,W,24.0,21.0,,18.0,22.0,0.818,182.0,1.0,8.3,9.18,116.3,2.0,18.0,29.0,131.0,4.517241379310345,4.5,53.0,313.0,5.91,2.0,1.0,3.0,3.0,3.0,146.0,6.0,11.0,2.0,19.0,4.0,10.0,0.0,1.0,5.0,35.0,0.0,0.0,0.0,26:26,30.0,46.0,0.652,302.0,2.0,6.6,5.48,80.2,6.0,48.0,20.0,70.0,3.5,3.5,72.0,372.0,5.17,2.0,2.0,1.0,1.0,3.0,136.0,15.0,6.0,2.0,23.0,4.0,14.0,2.0,3.0,8.0,82.0,0.0,2.0,2.0,33:34,0,PIT,AFC North,NFC North
5.0,6.0,2025-10-12,Sun,,CLE,W,23.0,9.0,,21.0,30.0,0.7,235.0,2.0,7.8,9.17,115.3,0.0,0.0,28.0,100.0,3.571428571428572,3.6,58.0,335.0,5.78,4.0,3.0,2.0,2.0,2.0,84.0,11.0,7.0,1.0,19.0,5.0,13.0,0.0,0.0,10.0,59.0,0.0,0.0,0.0,31:52,29.0,52.0,0.5579999999999999,183.0,0.0,3.5,3.52,63.2,6.0,38.0,17.0,65.0,3.823529411764706,3.8,75.0,248.0,3.31,3.0,3.0,0.0,0.0,4.0,198.0,10.0,6.0,4.0,20.0,6.0,17.0,2.0,4.0,6.0,44.0,0.0,0.0,0.0,28:08,0,PIT,AFC North,AFC North
1.0,1.0,2025-09-07,Sun,,SFO,L,13.0,17.0,,16.0,23.0,0.696,146.0,0.0,6.3,6.35,86.5,1.0,4.0,26.0,84.0,3.230769230769231,3.2,50.0,230.0,4.6,2.0,2.0,1.0,1.0,5.0,259.0,6.0,6.0,2.0,14.0,3.0,10.0,0.0,0.0,4.0,30.0,2.0,0.0,2.0,22:02,26.0,35.0,0.743,265.0,2.0,7.6,6.14,90.8,1.0,12.0,36.0,119.0,3.305555555555556,3.3,72.0,384.0,5.33,3.0,1.0,2.0,2.0,2.0,96.0,15.0,7.0,2.0,24.0,7.0,14.0,2.0,2.0,9.0,61.0,0.0,2.0,2.0,37:58,0,SEA,NFC West,NFC West
2.0,2.0,2025-09-14,Sun,@,PIT,W,31.0,17.0,,22.0,33.0,0.667,278.0,2.0,8.4,6.91,87.7,2.0,17.0,29.0,117.0,4.0344827586206895,4.0,64.0,395.0,6.17,2.0,1.0,4.0,4.0,4.0,175.0,13.0,8.0,0.0,21.0,6.0,14.0,1.0,2.0,2.0,10.0,0.0,2.0,2.0,31:17,20.0,35.0,0.5710000000000001,195.0,1.0,5.6,3.57,58.6,3.0,20.0,21.0,72.0,3.4285714285714284,3.4,59.0,267.0,4.53,3.0,3.0,0.0,0.0,4.0,221.0,6.0,6.0,1.0,13.0,5.0,15.0,1.0,2.0,2.0,15.0,0.0,2.0,2.0,28:43,0,SEA,NFC West,AFC North
3.0,3.0,2025-09-21,Sun,,NOR,W,44.0,13.0,,16.0,21.0,0.762,233.0,2.0,11.1,13.0,143.6,0.0,0.0,33.0,87.0,2.636363636363636,2.6,54.0,320.0,5.93,3.0,3.0,5.0,5.0,2.0,92.0,11.0,7.0,4.0,22.0,3.0,9.0,0.0,0.0,8.0,70.0,1.0,0.0,1.0,27:45,28.0,41.0,0.6829999999999999,205.0,1.0,5.0,4.39,77.8,2.0,13.0,27.0,79.0,2.925925925925926,2.9,70.0,284.0,4.06,3.0,2.0,1.0,1.0,6.0,243.0,12.0,4.0,5.0,21.0,5.0,15.0,0.0,2.0,11.0,77.0,0.0,1.0,1.0,32:15,0,SEA,NFC West,NFC South
4.0,4.0,2025-09-25,Thu,@,ARI,W,23.0,20.0,,18.0,26.0,0.6920000000000001,229.0,1.0,8.8,9.58,109.3,3.0,13.0,35.0,155.0,4.428571428571429,4.4,64.0,384.0,6.0,4.0,3.0,2.0,2.0,3.0,147.0,11.0,6.0,3.0,20.0,6.0,13.0,0.0,1.0,6.0,74.0,1.0,0.0,1.0,32:24,27.0,41.0,0.659,164.0,2.0,4.0,2.78,69.6,6.0,36.0,17.0,89.0,5.235294117647059,5.2,64.0,253.0,3.95,2.0,2.0,2.0,2.0,4.0,202.0,13.0,2.0,3.0,18.0,6.0,15.0,1.0,1.0,7.0,46.0,0.0,2.0,2.0,27:36,0,SEA,NFC West,NFC West
5.0,5.0,2025-10-05,Sun,,TAM,L,35.0,38.0,,28.0,34.0,0.8240000000000001,341.0,4.0,10.0,11.06,135.4,0.0,0.0,20.0,122.0,6.1,6.1,54.0,463.0,8.57,1.0,0.0,5.0,5.0,1.0,38.0,18.0,6.0,3.0,27.0,6.0,9.0,1.0,1.0,7.0,56.0,1.0,1.0,2.0,26:48,29.0,33.0,0.879,370.0,2.0,11.2,12.42,133.6,1.0,9.0,24.0,56.0,2.333333333333333,2.3,58.0,426.0,7.34,3.0,3.0,3.0,3.0,2.0,91.0,17.0,6.0,2.0,25.0,7.0,11.0,0.0,0.0,4.0,37.0,0.0,0.0,0.0,33:12,0,SEA,NFC West,NFC South
6.0,6.0,2025-10-12,Sun,@,JAX,W,20.0,12.0,,16.0,27.0,0.593,286.0,2.0,10.6,12.07,120.3,1.0,9.0,26.0,60.0,2.3076923076923075,2.3,54.0,346.0,6.41,2.0,2.0,2.0,2.0,7.0,360.0,10.0,2.0,1.0,13.0,1.0,12.0,0.0,0.0,7.0,56.0,0.0,0.0,0.0,26:39,27.0,42.0,0.643,214.0,2.0,5.1,6.05,92.8,7.0,44.0,19.0,59.0,3.1052631578947367,3.1,68.0,273.0,4.01,1.0,0.0,1.0,0.0,8.0,393.0,13.0,3.0,1.0,17.0,4.0,16.0,3.0,3.0,10.0,76.0,0.0,0.0,0.0,33:21,0,SEA,NFC West,AFC South
1.0,1.0,2025-09-07,Sun,@,SEA,W,17.0,13.0,,26.0,35.0,0.743,265.0,2.0,7.6,6.14,90.8,1.0,12.0,36.0,119.0,3.305555555555556,3.3,72.0,384.0,5.33,3.0,1.0,2.0,2.0,2.0,96.0,15.0,7.0,2.0,24.0,7.0,14.0,2.0,2.0,9.0,61.0,0.0,2.0,2.0,37:58,16.0,23.0,0.696,146.0,0.0,6.3,6.35,86.5,1.0,4.0,26.0,84.0,3.230769230769231,3.2,50.0,230.0,4.6,2.0,2.0,1.0,1.0,5.0,259.0,6.0,6.0,2.0,14.0,3.0,10.0,0.0,0.0,4.0,30.0,2.0,0.0,2.0,22:02,0,SFO,NFC West,NFC West
2.0,2.0,2025-09-14,Sun,@,NOR,W,26.0,21.0,,26.0,39.0,0.667,267.0,3.0,6.8,8.38,111.8,3.0,12.0,26.0,77.0,2.9615384615384617,3.0,68.0,344.0,5.06,2.0,2.0,3.0,2.0,4.0,173.0,15.0,5.0,3.0,23.0,8.0,15.0,0.0,0.0,5.0,40.0,1.0,0.0,1.0,30:45,25.0,34.0,0.735,186.0,3.0,5.5,7.24,115.6,3.0,21.0,30.0,121.0,4.033333333333333,4.0,67.0,307.0,4.58,1.0,0.0,3.0,3.0,4.0,171.0,12.0,6.0,3.0,21.0,4.0,11.0,1.0,2.0,7.0,45.0,1.0,0.0,1.0,29:15,0,SFO,NFC West,NFC South
3.0,3.0,2025-09-21,Sun,,ARI,W,16.0,15.0,,27.0,41.0,0.659,282.0,1.0,6.9,6.27,83.6,1.0,2.0,20.0,73.0,3.65,3.7,62.0,355.0,5.73,3.0,3.0,1.0,1.0,3.0,128.0,14.0,4.0,1.0,19.0,2.0,10.0,1.0,2.0,5.0,69.0,0.0,1.0,1.0,25:21,22.0,35.0,0.629,154.0,1.0,4.4,4.97,82.3,1.0,5.0,28.0,106.0,3.7857142857142856,3.8,64.0,260.0,4.06,3.0,2.0,1.0,1.0,5.0,258.0,8.0,7.0,1.0,16.0,5.0,15.0,2.0,2.0,5.0,30.0,0.0,0.0,0.0,34:39,0,SFO,NFC West,NFC West
4.0,4.0,2025-09-28,Sun,,JAX,L,21.0,26.0,,22.0,38.0,0.579,306.0,2.0,8.1,6.74,79.5,1.0,3.0,24.0,83.0,3.458333333333333,3.5,63.0,389.0,6.17,2.0,2.0,1.0,1.0,2.0,91.0,17.0,3.0,2.0,22.0,8.0,13.0,0.0,1.0,5.0,54.0,2.0,2.0,4.0,27:29,21.0,31.0,0.677,174.0,1.0,5.6,6.26,92.7,0.0,0.0,32.0,151.0,4.71875,4.7,63.0,325.0,5.16,3.0,2.0,2.0,2.0,5.0,237.0,8.0,8.0,2.0,18.0,4.0,14.0,1.0,1.0,12.0,90.0,0.0,0.0,0.0,32:31,0,SFO,NFC West,AFC South
5.0,5.0,2025-10-02,Thu,@,LAR,W,26.0,23.0,OT,33.0,49.0,0.6729999999999999,333.0,2.0,6.8,7.61,100.1,1.0,9.0,33.0,74.0,2.242424242424242,2.2,83.0,407.0,4.9,4.0,4.0,2.0,2.0,4.0,168.0,19.0,6.0,2.0,27.0,7.0,18.0,3.0,3.0,8.0,44.0,0.0,0.0,0.0,40:04,30.0,47.0,0.638,378.0,3.0,8.0,9.32,110.1,1.0,11.0,16.0,78.0,4.875,4.9,64.0,456.0,7.13,2.0,1.0,3.0,2.0,2.0,110.0,18.0,5.0,4.0,27.0,4.0,10.0,2.0,3.0,5.0,36.0,2.0,0.0,2.0,26:20,0,SFO,NFC West,NFC West
6.0,6.0,2025-10-12,Sun,@,TAM,L,19.0,30.0,,27.0,39.0,0.6920000000000001,296.0,0.0,7.6,5.28,70.0,6.0,51.0,22.0,67.0,3.0454545454545454,3.0,67.0,363.0,5.42,4.0,4.0,1.0,1.0,2.0,89.0,10.0,6.0,1.0,17.0,7.0,16.0,0.0,2.0,9.0,65.0,0.0,2.0,2.0,32:35,17.0,23.0,0.7390000000000001,248.0,2.0,10.8,12.52,137.6,1.0,8.0,26.0,104.0,4.0,4.0,50.0,352.0,7.04,2.0,1.0,3.0,3.0,3.0,166.0,9.0,9.0,1.0,19.0,3.0,8.0,0.0,0.0,5.0,31.0,0.0,0.0,0.0,27:25,0,SFO,NFC West,NFC South
1.0,1.0,2025-09-07,Sun,@,ATL,W,23.0,20.0,,17.0,32.0,0.531,159.0,3.0,5.0,6.84,98.3,1.0,8.0,23.0,101.0,4.391304347826087,4.4,56.0,260.0,4.64,2.0,1.0,3.0,2.0,4.0,205.0,10.0,5.0,1.0,16.0,7.0,14.0,1.0,1.0,5.0,60.0,0.0,0.0,0.0,24:48,27.0,42.0,0.643,289.0,1.0,6.9,7.36,92.3,1.0,9.0,28.0,69.0,2.4642857142857144,2.5,71.0,358.0,5.04,3.0,2.0,2.0,2.0,3.0,140.0,16.0,4.0,3.0,23.0,6.0,15.0,3.0,4.0,8.0,55.0,0.0,0.0,0.0,35:12,0,TAM,NFC South,NFC South
2.0,2.0,2025-09-15,Mon,@,HOU,W,20.0,19.0,,25.0,38.0,0.6579999999999999,191.0,2.0,5.0,6.08,95.4,4.0,24.0,30.0,169.0,5.633333333333334,5.6,72.0,360.0,5.0,1.0,0.0,2.0,2.0,6.0,253.0,12.0,9.0,4.0,25.0,6.0,14.0,1.0,1.0,7.0,45.0,0.0,0.0,0.0,37:09,13.0,24.0,0.542,182.0,1.0,7.6,8.42,92.7,3.0,25.0,19.0,84.0,4.421052631578948,4.4,46.0,266.0,5.78,2.0,2.0,1.0,1.0,4.0,203.0,7.0,3.0,2.0,12.0,2.0,9.0,0.0,1.0,6.0,45.0,0.0,0.0,0.0,22:51,0,TAM,NFC South,AFC South
3.0,3.0,2025-09-21,Sun,,NYJ,W,29.0,27.0,,19.0,29.0,0.655,225.0,1.0,7.8,8.45,100.5,1.0,8.0,34.0,122.0,3.588235294117647,3.6,64.0,347.0,5.42,6.0,5.0,2.0,2.0,4.0,162.0,12.0,4.0,3.0,19.0,4.0,13.0,0.0,0.0,14.0,124.0,0.0,0.0,0.0,32:11,26.0,36.0,0.722,168.0,2.0,4.7,4.53,88.7,4.0,29.0,23.0,99.0,4.304347826086956,4.3,63.0,267.0,4.24,2.0,2.0,3.0,3.0,2.0,97.0,13.0,5.0,3.0,21.0,3.0,11.0,1.0,3.0,7.0,81.0,1.0,1.0,2.0,27:49,0,TAM,NFC South,AFC East
4.0,4.0,2025-09-28,Sun,,PHI,L,25.0,31.0,,22.0,40.0,0.55,272.0,2.0,6.8,6.68,82.5,2.0,17.0,26.0,104.0,4.0,4.0,68.0,376.0,5.53,3.0,3.0,2.0,2.0,4.0,110.0,7.0,5.0,6.0,18.0,3.0,13.0,1.0,3.0,5.0,40.0,1.0,1.0,2.0,31:52,15.0,24.0,0.625,112.0,2.0,4.7,6.33,101.4,2.0,18.0,32.0,88.0,2.75,2.8,58.0,200.0,3.45,1.0,1.0,4.0,4.0,7.0,363.0,10.0,5.0,1.0,16.0,5.0,14.0,0.0,1.0,8.0,83.0,0.0,0.0,0.0,28:08,0,TAM,NFC South,NFC East
5.0,5.0,2025-10-05,Sun,@,SEA,W,38.0,35.0,,29.0,33.0,0.879,370.0,2.0,11.2,12.42,133.6,1.0,9.0,24.0,56.0,2.333333333333333,2.3,58.0,426.0,7.34,3.0,3.0,3.0,3.0,2.0,91.0,17.0,6.0,2.0,25.0,7.0,11.0,0.0,0.0,4.0,37.0,0.0,0.0,0.0,33:12,28.0,34.0,0.8240000000000001,341.0,4.0,10.0,11.06,135.4,0.0,0.0,20.0,122.0,6.1,6.1,54.0,463.0,8.57,1.0,0.0,5.0,5.0,1.0,38.0,18.0,6.0,3.0,27.0,6.0,9.0,1.0,1.0,7.0,56.0,1.0,1.0,2.0,26:48,0,TAM,NFC South,NFC West
6.0,6.0,2025-10-12,Sun,,SFO,W,30.0,19.0,,17.0,23.0,0.7390000000000001,248.0,2.0,10.8,12.52,137.6,1.0,8.0,26.0,104.0,4.0,4.0,50.0,352.0,7.04,2.0,1.0,3.0,3.0,3.0,166.0,9.0,9.0,1.0,19.0,3.0,8.0,0.0,0.0,5.0,31.0,0.0,0.0,0.0,27:25,27.0,39.0,0.6920000000000001,296.0,0.0,7.6,5.28,70.0,6.0,51.0,22.0,67.0,3.0454545454545454,3.0,67.0,363.0,5.42,4.0,4.0,1.0,1.0,2.0,89.0,10.0,6.0,1.0,17.0,7.0,16.0,0.0,2.0,9.0,65.0,0.0,2.0,2.0,32:35,0,TAM,NFC South,NFC West
1.0,1.0,2025-09-07,Sun,@,DEN,L,12.0,20.0,,12.0,28.0,0.429,62.0,0.0,2.2,2.21,50.3,6.0,50.0,21.0,71.0,3.380952380952381,3.4,55.0,133.0,2.42,4.0,4.0,0.0,0.0,8.0,395.0,5.0,2.0,0.0,7.0,2.0,14.0,0.0,1.0,13.0,131.0,2.0,0.0,2.0,28:04,25.0,40.0,0.625,166.0,1.0,4.2,2.4,59.0,1.0,10.0,30.0,151.0,5.033333333333333,5.0,71.0,317.0,4.46,2.0,2.0,2.0,2.0,3.0,144.0,9.0,5.0,6.0,20.0,6.0,15.0,0.0,2.0,6.0,45.0,2.0,2.0,4.0,31:56,0,TEN,AFC South,AFC West
2.0,2.0,2025-09-14,Sun,,LAR,L,19.0,33.0,,19.0,33.0,0.5760000000000001,143.0,1.0,4.3,4.94,78.2,5.0,32.0,26.0,109.0,4.1923076923076925,4.2,64.0,252.0,3.94,4.0,4.0,1.0,1.0,5.0,250.0,10.0,7.0,1.0,18.0,6.0,15.0,1.0,1.0,10.0,62.0,1.0,0.0,1.0,30:07,23.0,33.0,0.6970000000000001,290.0,2.0,8.8,8.64,104.4,1.0,8.0,25.0,149.0,5.96,6.0,59.0,439.0,7.44,2.0,2.0,4.0,3.0,3.0,145.0,12.0,8.0,2.0,22.0,5.0,12.0,1.0,1.0,4.0,29.0,0.0,1.0,1.0,29:53,0,TEN,AFC South,NFC West
3.0,3.0,2025-09-21,Sun,,IND,L,20.0,41.0,,23.0,38.0,0.605,196.0,1.0,5.2,4.5,71.8,4.0,23.0,23.0,86.0,3.739130434782609,3.7,65.0,282.0,4.34,4.0,2.0,2.0,2.0,1.0,52.0,11.0,8.0,2.0,21.0,5.0,14.0,1.0,2.0,8.0,68.0,0.0,1.0,1.0,31:19,18.0,25.0,0.72,228.0,1.0,9.1,9.92,113.4,0.0,0.0,28.0,137.0,4.892857142857143,4.9,53.0,365.0,6.89,3.0,2.0,5.0,5.0,1.0,46.0,10.0,9.0,3.0,22.0,2.0,8.0,2.0,2.0,4.0,23.0,0.0,0.0,0.0,28:41,0,TEN,AFC South,AFC South
4.0,4.0,2025-09-28,Sun,@,HOU,L,0.0,26.0,,10.0,26.0,0.385,93.0,0.0,3.6,1.85,33.0,2.0,15.0,18.0,82.0,4.555555555555555,4.6,46.0,175.0,3.8,2.0,0.0,0.0,0.0,5.0,213.0,5.0,3.0,2.0,10.0,2.0,11.0,0.0,1.0,4.0,35.0,0.0,1.0,1.0,21:39,22.0,28.0,0.7859999999999999,224.0,2.0,8.0,9.43,123.8,2.0,9.0,35.0,129.0,3.6857142857142855,3.7,65.0,353.0,5.43,3.0,2.0,2.0,2.0,3.0,132.0,9.0,10.0,1.0,20.0,6.0,15.0,3.0,3.0,6.0,50.0,0.0,0.0,0.0,38:21,0,TEN,AFC South,AFC South
5.0,5.0,2025-10-05,Sun,@,ARI,W,22.0,21.0,,21.0,39.0,0.5379999999999999,249.0,0.0,6.4,5.23,62.9,2.0,16.0,24.0,78.0,3.25,3.3,65.0,327.0,5.03,3.0,3.0,2.0,1.0,5.0,271.0,12.0,6.0,2.0,20.0,5.0,15.0,0.0,1.0,6.0,35.0,1.0,1.0,2.0,27:20,23.0,32.0,0.7190000000000001,192.0,0.0,6.0,6.0,87.0,3.0,28.0,29.0,168.0,5.793103448275862,5.8,64.0,360.0,5.63,0.0,0.0,3.0,3.0,7.0,367.0,8.0,7.0,1.0,16.0,7.0,16.0,0.0,0.0,8.0,47.0,3.0,0.0,3.0,32:40,0,TEN,AFC South,NFC West
6.0,6.0,2025-10-12,Sun,@,LVR,L,10.0,20.0,,26.0,38.0,0.684,160.0,1.0,4.2,3.55,74.5,6.0,62.0,15.0,65.0,4.333333333333333,4.3,59.0,225.0,3.81,1.0,1.0,1.0,1.0,5.0,220.0,11.0,3.0,1.0,15.0,3.0,13.0,2.0,2.0,7.0,34.0,2.0,1.0,3.0,27:34,17.0,23.0,0.7390000000000001,158.0,1.0,6.9,5.78,88.7,2.0,16.0,32.0,68.0,2.125,2.1,57.0,226.0,3.96,2.0,2.0,2.0,2.0,4.0,167.0,9.0,4.0,3.0,16.0,6.0,13.0,1.0,1.0,6.0,27.0,0.0,1.0,1.0,32:26,0,TEN,AFC South,AFC West
1.0,1.0,2025-09-07,Sun,,NYG,W,21.0,6.0,,19.0,30.0,0.633,212.0,1.0,7.1,7.73,95.4,3.0,21.0,32.0,220.0,6.875,6.9,65.0,432.0,6.65,0.0,0.0,3.0,3.0,5.0,245.0,11.0,11.0,3.0,25.0,4.0,11.0,0.0,0.0,12.0,89.0,0.0,0.0,0.0,29:28,17.0,37.0,0.45899999999999996,157.0,0.0,4.2,4.24,58.1,2.0,11.0,23.0,74.0,3.217391304347826,3.2,62.0,231.0,3.73,2.0,2.0,0.0,0.0,6.0,287.0,9.0,4.0,4.0,17.0,4.0,16.0,1.0,2.0,6.0,35.0,0.0,0.0,0.0,30:32,0,WAS,NFC East,NFC East
2.0,2.0,2025-09-11,Thu,@,GNB,L,18.0,27.0,,24.0,42.0,0.5710000000000001,179.0,2.0,4.3,5.21,83.3,4.0,21.0,19.0,51.0,2.6842105263157894,2.7,65.0,230.0,3.54,3.0,1.0,1.0,1.0,4.0,187.0,10.0,3.0,2.0,15.0,5.0,16.0,1.0,3.0,5.0,30.0,0.0,0.0,0.0,27:34,19.0,31.0,0.613,269.0,2.0,8.7,9.97,110.8,2.0,23.0,30.0,135.0,4.5,4.5,63.0,404.0,6.41,3.0,2.0,3.0,3.0,4.0,213.0,14.0,6.0,2.0,22.0,5.0,12.0,0.0,1.0,10.0,77.0,0.0,0.0,0.0,32:26,0,WAS,NFC East,NFC North
3.0,3.0,2025-09-21,Sun,,LVR,W,41.0,24.0,,15.0,21.0,0.7140000000000001,199.0,1.0,9.5,10.43,117.0,1.0,8.0,32.0,201.0,6.28125,6.3,54.0,400.0,7.41,3.0,2.0,5.0,5.0,3.0,138.0,7.0,8.0,2.0,17.0,5.0,10.0,0.0,0.0,7.0,54.0,1.0,0.0,1.0,28:07,19.0,29.0,0.655,261.0,3.0,9.0,11.07,128.7,5.0,28.0,28.0,93.0,3.3214285714285716,3.3,62.0,354.0,5.71,1.0,1.0,1.0,1.0,6.0,294.0,12.0,5.0,0.0,17.0,3.0,14.0,2.0,3.0,6.0,54.0,0.0,0.0,0.0,31:53,0,WAS,NFC East,AFC West
4.0,4.0,2025-09-28,Sun,@,ATL,L,27.0,34.0,,16.0,27.0,0.593,147.0,2.0,5.4,5.26,83.4,2.0,9.0,22.0,147.0,6.681818181818182,6.7,51.0,294.0,5.76,4.0,4.0,1.0,1.0,2.0,89.0,8.0,7.0,2.0,17.0,1.0,8.0,2.0,2.0,6.0,50.0,0.0,1.0,1.0,25:45,20.0,26.0,0.769,307.0,2.0,11.8,11.62,125.0,1.0,6.0,37.0,128.0,3.4594594594594597,3.5,64.0,435.0,6.8,2.0,2.0,4.0,4.0,2.0,92.0,14.0,9.0,1.0,24.0,6.0,12.0,1.0,1.0,5.0,45.0,0.0,1.0,1.0,34:15,0,WAS,NFC East,NFC South
5.0,5.0,2025-10-05,Sun,@,LAC,W,27.0,10.0,,15.0,26.0,0.5770000000000001,226.0,1.0,8.7,9.46,99.2,1.0,5.0,28.0,163.0,5.821428571428571,5.8,55.0,389.0,7.07,2.0,2.0,3.0,3.0,2.0,101.0,9.0,9.0,4.0,22.0,2.0,7.0,1.0,1.0,7.0,48.0,1.0,0.0,1.0,25:41,25.0,33.0,0.758,181.0,1.0,5.5,4.73,85.5,5.0,29.0,27.0,155.0,5.7407407407407405,5.7,65.0,336.0,5.17,1.0,1.0,1.0,1.0,2.0,96.0,11.0,6.0,1.0,18.0,9.0,16.0,1.0,2.0,10.0,85.0,1.0,1.0,2.0,34:19,0,WAS,NFC East,AFC West
6.0,6.0,2025-10-13,Mon,,CHI,L,24.0,25.0,,19.0,26.0,0.731,205.0,3.0,7.9,8.46,118.3,3.0,6.0,31.0,124.0,4.0,4.0,60.0,329.0,5.48,2.0,1.0,3.0,3.0,1.0,30.0,11.0,7.0,4.0,22.0,3.0,8.0,1.0,1.0,5.0,40.0,2.0,1.0,3.0,31:34,17.0,29.0,0.586,236.0,1.0,8.1,8.83,96.3,3.0,16.0,27.0,145.0,5.37037037037037,5.4,59.0,381.0,6.46,5.0,4.0,1.0,1.0,2.0,106.0,10.0,8.0,1.0,19.0,3.0,10.0,0.0,1.0,9.0,84.0,0.0,0.0,0.0,28:26,0,WAS,NFC East,NFC North
