Aw_Tm,Aw_W,Aw_Wpct,Aw_Poss,Aw_OppPoss,Aw_PassOffEff,Aw_RushOffEff,Aw_PassDefEff,Aw_RushDefEff,Aw_TmOffEff,Aw_TmDefEff,Aw_TmEff,Aw_TmLuckW,Aw_Pts,Aw_OppPts,Aw_TmDiv,Aw_WStreak,Aw_PassCmppct,Aw_PassAdjYdsAtt,Aw_RushYdsAtt,Aw_PassTDG,Aw_RushTDG,Aw_FGpct,Aw_PenYdsG,Aw_TOVG,Aw_Dwn3Conv,Aw_OppPassCmppct,Aw_OppPassAdjYdsAtt,Aw_OppRushYdsAtt,Aw_OppPassTDG,Aw_OppRushTDG,Aw_OppFGpct,Aw_OppPenYdsG,Aw_OppTOVG,Aw_OppDwn3Conv,Aw_TmLuck,Game Date,Aw_Season,Hm_Tm,Hm_W,Hm_Wpct,Hm_Poss,Hm_OppPoss,Hm_PassOffEff,Hm_RushOffEff,Hm_PassDefEff,Hm_RushDefEff,Hm_TmOffEff,Hm_TmDefEff,Hm_TmEff,Hm_TmLuckW,Hm_Pts,Hm_OppPts,Hm_TmDiv,Hm_WStreak,Hm_PassCmppct,Hm_PassAdjYdsAtt,Hm_RushYdsAtt,Hm_PassTDG,Hm_RushTDG,Hm_FGpct,Hm_PenYdsG,Hm_TOVG,Hm_Dwn3Conv,Hm_OppPassCmppct,Hm_OppPassAdjYdsAtt,Hm_OppRushYdsAtt,Hm_OppPassTDG,Hm_OppRushTDG,Hm_OppFGpct,Hm_OppPenYdsG,Hm_OppTOVG,Hm_OppDwn3Conv,Hm_TmLuck,Hm_Season,Matchup,Home Team,Home Elo,Home Lg Rank,Away Team,Away Elo,Away Lg Rank,Home W,Home Pt Diff,Divisional Game,Playoff Game
CAR,0.0,0.0,11.0,14.0,-52.4,0.38842105263157833,-25.599999999999994,2.1184210526315788,0.9090909090909091,1.8571428571428572,-0.9480519480519481,0.09410074618524483,10.0,26.0,NFC South,-1,0.514,2.06,4.52,1.0,4.5,1.0,35.0,3.0,0.5333333333333333,0.613,4.94,6.25,1.0,6.3,1.0,93.0,1.0,0.5333333333333333,-0.09410074618524483,2025-09-14,2025,ARI,1.0,1.0,14.0,11.0,4.099999999999994,1.2758284600389862,-30.200000000000003,0.7320574162679421,1.4285714285714286,1.1818181818181819,0.24675324675324672,0.7351586796605502,20.0,13.0,NFC West,1,0.7240000000000001,5.86,5.407407407407407,2.0,5.4,0.6666666666666666,54.0,0.0,0.46153846153846156,0.5870000000000001,4.52,4.863636363636363,0.0,4.9,0.6666666666666666,89.0,0.0,0.46153846153846156,0.26484132033944985,2025,CAR vs. ARI,ARI,1550.0,1.0,CAR,1450.0,17.0,1,5,0,0
ARI,2.0,1.0,11.5,10.5,-2.6500000000000057,0.435761119971646,-20.75,-0.41028708133971326,2.2142857142857144,1.690909090909091,0.5233766233766233,1.3541720894727889,23.5,17.5,NFC West,2,0.7020000000000001,6.65,4.5673400673400675,1.5,4.550000000000001,0.8333333333333333,75.0,0.5,0.39743589743589747,0.6115,5.15,3.721291866028708,1.5,3.75,0.8333333333333333,86.0,1.0,0.39743589743589747,0.6458279105272111,2025-09-21,2025,SFO,2.0,1.0,12.5,12.5,1.2999999999999972,-0.9980319388214125,1.0499999999999972,-0.4995276653171392,1.7083333333333335,1.3493589743589745,0.35897435897435903,1.2777085300464779,21.5,17.0,NFC West,2,0.7050000000000001,7.26,3.1335470085470085,2.5,3.15,0.6666666666666666,50.5,1.5,0.5166666666666666,0.7155,6.795,3.632051282051282,1.5,3.6,0.5,37.5,1.5,0.5166666666666666,0.7222914699535221,2025,ARI vs. SFO,SFO,1585.9935000197115,1.0,ARI,1585.9935000197115,1.0,1,1,1,0
SEA,2.0,0.6666666666666666,12.0,13.0,-12.299999999999997,-0.9008097165991904,-22.200000000000003,-0.8260233918128654,2.2142857142857144,1.3076923076923077,0.9065934065934067,2.0994684900595173,31.0,17.0,NFC West,2,0.696,6.91,3.230769230769231,2.0,3.2,1.0,30.0,2.0,0.3333333333333333,0.6829999999999999,4.39,3.305555555555556,1.0,3.3,0.6666666666666666,61.0,2.0,0.3333333333333333,-0.0994684900595173,2025-09-25,2025,ARI,2.0,0.6666666666666666,12.0,11.0,-9.400000000000006,-0.34586466165413565,-16.400000000000006,-0.48157894736842133,1.4285714285714286,1.4545454545454546,0.24675324675324672,1.816007393953781,20.0,16.0,NFC West,-1,0.68,5.86,3.7857142857142856,1.0,3.8,0.6666666666666666,54.0,0.0,0.3333333333333333,0.636,5.78,3.65,1.0,3.7,1.0,83.0,1.0,0.3333333333333333,0.18399260604621892,2025,SEA vs. ARI,ARI,1535.9935000197115,7.0,SEA,1550.0,7.0,0,-3,1,0
TEN,0.0,0.0,13.5,12.5,-38.95,-0.16585988382327055,8.900000000000006,0.831516290726817,0.9862745098039216,2.3603896103896105,-1.7270562770562772,0.5966372740559226,15.5,29.5,AFC South,-4,0.5025000000000001,3.355,3.9657190635451505,0.5,3.95,0.75,65.0,1.0,0.2694805194805195,0.7085,9.035,4.963095238095239,1.5,4.95,0.8333333333333333,37.0,0.5,0.2694805194805195,-0.5966372740559226,2025-10-05,2025,ARI,2.0,0.5,13.0,11.0,-13.550000000000004,0.378925254312251,-13.850000000000001,-0.09229323308270687,1.380952380952381,1.6118881118881119,0.02110389610389607,2.2339473575174176,20.0,19.0,NFC West,-2,0.6695,5.415,4.510504201680672,1.5,4.5,0.8333333333333333,50.0,0.5,0.3666666666666667,0.6475,6.025,4.039285714285715,1.0,4.050000000000001,0.875,78.5,1.0,0.3666666666666667,-0.23394735751741758,2025,TEN vs. ARI,ARI,1488.008106127738,12.0,TEN,1336.70319851849,30.0,0,-1,0,0
ARI,2.0,0.4,14.0,11.0,-13.0,1.1037151702786376,-16.400000000000006,-0.48157894736842133,1.4,1.6923076923076923,-0.20454545454545459,2.706412134867013,20.0,22.0,NFC West,-3,0.68,5.86,5.235294117647059,1.0,5.2,0.8333333333333333,47.0,1.0,0.4,0.636,5.78,3.65,1.0,3.7,1.0,74.0,1.0,0.4,-0.7064121348670129,2025-10-12,2025,IND,4.0,0.8,9.0,11.0,6.400000000000006,-0.0839598997493729,-28.200000000000003,0.10842105263157897,4.125,2.0,2.5555555555555554,3.651156419296724,33.0,20.0,AFC South,1,0.72,9.59,4.047619047619048,1.0,4.0,1.0,68.0,0.0,0.46153846153846156,0.6940000000000001,4.5,4.24,1.0,4.2,0.5833333333333333,65.0,1.0,0.46153846153846156,0.34884358070327615,2025,ARI vs. IND,IND,1591.2891528599716,1.0,ARI,1417.5131265718994,15.0,1,4,0,0
ATL,0.0,0.0,9.0,13.0,-7.700000000000003,-1.6672932330827068,-1.7000000000000028,0.2597254004576657,2.2222222222222223,1.7692307692307692,0.45299145299145316,0.41793996356363666,20.0,23.0,NFC South,-1,0.643,7.36,2.4642857142857144,1.0,2.5,0.6666666666666666,55.0,0.0,0.4,0.531,6.84,4.391304347826087,3.0,4.4,0.5,60.0,0.0,0.4,-0.41793996356363666,2025-09-14,2025,MIN,1.0,1.0,16.0,14.0,-3.299999999999997,0.48380566801619374,-14.799999999999997,0.4453441295546554,1.6875,1.7142857142857142,-0.02678571428571419,0.5693367916529696,27.0,24.0,NFC North,1,0.65,6.45,4.615384615384615,2.0,4.6,1.0,50.0,1.0,0.25,0.6,6.23,4.576923076923077,1.0,4.6,0.5,127.0,1.0,0.25,0.4306632083470304,2025,ATL vs. MIN,MIN,1550.0,1.0,ATL,1450.0,17.0,0,-16,0,0
ATL,1.0,0.5,11.5,13.5,-16.300000000000004,-0.10456429535376932,-35.85,0.1167048054919908,1.8968253968253967,1.0989010989010988,0.797924297924298,1.3739707606668132,21.0,14.5,NFC South,1,0.631,6.25,4.0270146520146515,0.5,4.05,0.8333333333333333,42.0,0.5,0.4,0.5275000000000001,4.135,4.248283752860412,1.5,4.25,0.75,55.0,2.0,0.4,-0.37397076066681323,2025-09-21,2025,CAR,0.0,0.0,10.5,11.5,-31.849999999999998,-0.5821052631578951,-17.5,0.8570574162679423,1.5545454545454547,2.428571428571429,-0.8740259740259739,0.47508733637300604,16.0,26.5,NFC South,-2,0.575,3.92,3.5494736842105263,2.0,3.55,1.0,59.0,2.5,0.43333333333333335,0.6465000000000001,6.19,4.988636363636363,1.0,5.0,1.0,94.5,1.0,0.43333333333333335,-0.47508733637300604,2025,ATL vs. CAR,CAR,1414.0064999802885,23.0,ATL,1514.0064999802885,11.0,1,30,1,0
WAS,2.0,0.6666666666666666,12.0,13.0,-4.599999999999994,2.1496710526315788,10.799999999999997,-0.8101503759398492,1.75,1.8461538461538463,1.0824175824175821,2.0084456868426463,21.0,24.0,NFC East,1,0.633,7.73,6.28125,1.0,6.3,0.5,54.0,0.0,0.36363636363636365,0.613,9.97,3.321428571428572,2.0,3.3,1.0,54.0,0.0,0.36363636363636365,-0.00844568684264635,2025-09-28,2025,ATL,1.0,0.3333333333333333,13.0,13.0,-24.900000000000006,1.4581646423751682,-22.599999999999994,-0.02631578947368407,1.5714285714285714,1.7692307692307692,0.45299145299145316,1.3739707606668135,20.0,23.0,NFC South,-1,0.619,5.14,5.589743589743589,0.0,5.6,0.6666666666666666,29.0,1.0,0.4,0.531,4.75,4.105263157894737,0.0,4.1,1.0,55.0,1.0,0.4,-0.37397076066681345,2025,WAS vs. ATL,ATL,1450.0,17.0,WAS,1550.0,7.0,1,7,0,0
BUF,4.0,0.8,12.0,12.0,10.200000000000003,1.0246710526315788,-18.799999999999997,1.068421052631579,2.727272727272727,1.75,0.9166666666666665,3.3406999697522752,31.0,21.0,AFC East,-1,0.7170000000000001,8.45,5.15625,2.0,5.2,1.0,55.0,0.0,0.4666666666666667,0.647,4.15,5.2,1.0,5.2,1.0,51.0,1.0,0.4666666666666667,0.6593000302477248,2025-10-13,2025,ATL,2.0,0.5,11.5,13.5,-16.300000000000004,0.3930225772331035,-19.599999999999994,0.1167048054919908,1.8968253968253967,1.7846153846153845,0.797924297924298,2.0072570362725353,21.0,25.0,NFC South,1,0.631,6.25,4.5246015246015245,0.5,4.55,0.8333333333333333,37.0,1.0,0.4,0.562,5.005,4.248283752860412,1.0,4.25,1.0,52.5,1.0,0.4,-0.007257036272535267,2025,BUF vs. ATL,ATL,1514.0064999802885,12.0,BUF,1564.3334191290533,1.0,1,10,0,0
CLE,0.0,0.0,9.0,10.0,-25.900000000000006,-2.0899122807017547,-15.5,-2.1315789473684212,1.7777777777777777,1.7,0.07777777777777772,0.46414157892781804,16.0,17.0,AFC North,-1,0.6890000000000001,4.62,2.0416666666666665,1.0,2.0,0.5,53.0,2.0,0.5625,0.609,5.0,2.0,1.0,2.0,1.0,33.0,0.0,0.5625,-0.46414157892781804,2025-09-14,2025,BAL,0.0,0.0,16.0,12.0,41.099999999999994,4.0753176043557175,11.599999999999994,-0.6477079796264857,2.5,3.4166666666666665,-0.9166666666666665,0.4853738010764808,40.0,41.0,AFC North,-1,0.737,12.32,8.206896551724139,2.0,8.2,1.0,51.0,1.0,0.5454545454545454,0.7170000000000001,9.33,3.4838709677419355,2.0,3.5,1.0,38.0,0.0,0.5454545454545454,-0.4853738010764808,2025,CLE vs. BAL,BAL,1450.0,17.0,CLE,1450.0,17.0,1,24,1,0
DET,1.0,0.5,12.0,11.5,20.950000000000003,-0.13612440191387565,8.599999999999994,-0.09009746588693979,2.4555555555555557,2.157692307692308,0.2978632478632478,1.0458746525803184,32.5,24.0,NFC North,1,0.808,9.995000000000001,3.9954545454545456,3.0,4.0,0.75,34.0,0.5,0.3666666666666667,0.6815,8.209999999999999,4.0414814814814815,2.0,4.05,1.0,45.0,1.0,0.3666666666666667,-0.04587465258031842,2025-09-22,2025,BAL,1.0,0.5,14.5,14.0,32.849999999999994,1.0432978999222196,-7.25,0.2239929001389107,2.8269230769230766,2.239583333333333,0.5873397435897436,1.374953016070198,40.5,29.0,AFC North,1,0.696,10.935,5.174876847290641,3.0,5.1499999999999995,1.0,39.5,0.5,0.3977272727272727,0.65,6.77,4.355571847507332,2.0,4.35,1.0,40.0,1.0,0.3977272727272727,-0.37495301607019793,2025,DET vs. BAL,BAL,1500.0,11.0,DET,1500.0,11.0,0,-8,0,0
BAL,1.0,0.3333333333333333,13.0,12.0,35.0,0.3421052631578947,3.5999999999999943,1.0956937799043072,2.5,3.4166666666666665,-0.9166666666666665,1.7384446213983993,40.0,38.0,AFC North,-1,0.737,10.46,4.473684210526316,3.0,4.5,1.0,28.0,1.0,0.5454545454545454,0.7140000000000001,7.93,5.227272727272728,2.0,5.2,1.0,42.0,0.0,0.5454545454545454,-0.7384446213983993,2025-09-28,2025,KAN,1.0,0.3333333333333333,11.0,10.0,-16.700000000000003,0.522267206477733,-23.299999999999997,-0.5315789473684212,1.75,2.0,-0.4545454545454546,1.6529018977106065,21.0,20.0,AFC West,1,0.595,5.97,4.653846153846154,1.0,4.7,0.75,71.0,0.0,0.35714285714285715,0.682,4.27,3.6,0.0,3.6,1.0,49.0,0.0,0.35714285714285715,-0.6529018977106065,2025,BAL vs. KAN,KAN,1461.991893872262,17.0,BAL,1450.0,17.0,1,17,0,0
HOU,1.0,0.25,12.0,12.0,-19.35,0.19005847953216382,-24.949999999999996,-0.06213450292397704,1.2097902097902098,1.4226190476190477,-0.24648268398268403,1.950366379643782,14.5,15.5,AFC South,1,0.681,6.175,4.321637426900585,1.0,4.300000000000001,0.8333333333333333,58.0,1.0,0.24444444444444444,0.579,5.04,4.069444444444445,0.5,4.1,0.0,52.5,1.0,0.24444444444444444,-0.950366379643782,2025-10-05,2025,BAL,1.0,0.25,14.0,12.0,29.799999999999997,2.208711433756806,7.599999999999994,0.32580741626794296,2.5,3.25,-0.9356060606060606,1.9272195688057447,35.0,37.5,AFC North,-2,0.7170000000000001,10.005,6.340290381125227,2.5,6.35,1.0,39.5,1.0,0.42272727272727273,0.6950000000000001,8.615,4.457386363636364,2.0,4.45,0.875,41.0,0.0,0.42272727272727273,-0.9272195688057447,2025,HOU vs. BAL,BAL,1401.7250872672653,22.0,HOU,1427.9109227375966,22.0,0,-34,0,0
LAR,3.0,0.6,13.0,13.0,6.099999999999994,0.7434210526315788,-21.099999999999994,-0.0839598997493729,1.7692307692307692,1.4285714285714286,0.6483516483516485,2.988396978196062,26.0,20.0,NFC West,-1,0.6970000000000001,8.64,4.875,2.0,4.9,0.8333333333333333,41.0,1.0,0.4,0.6729999999999999,5.39,4.047619047619048,1.0,4.0,1.0,62.0,1.0,0.4,0.011603021803937796,2025-10-12,2025,BAL,1.0,0.2,13.0,12.0,24.599999999999994,0.3421052631578947,11.599999999999994,0.9290271132376393,2.5,3.3846153846153846,-0.9545454545454546,1.9562090920112751,30.0,38.0,AFC North,-3,0.7,9.55,4.473684210526316,2.0,4.5,1.0,49.0,1.0,0.375,0.7140000000000001,9.3,5.0606060606060606,2.0,5.1,1.0,40.0,0.0,0.375,-0.9562090920112751,2025,LAR vs. BAL,BAL,1355.486412581096,21.0,LAR,1544.8137969534653,8.0,0,-14,0,0
BUF,1.0,1.0,12.0,16.0,11.599999999999994,-0.6477079796264857,41.099999999999994,4.0753176043557175,3.4166666666666665,2.5,0.9166666666666665,0.5146261989235191,41.0,40.0,AFC East,1,0.7170000000000001,9.33,3.4838709677419355,2.0,3.5,1.0,38.0,0.0,0.4666666666666667,0.737,12.32,8.206896551724139,2.0,8.2,1.0,51.0,1.0,0.4666666666666667,0.48537380107648087,2025-09-14,2025,NYJ,0.0,0.0,10.0,12.0,18.0,0.5350877192982457,33.099999999999994,-1.4815789473684213,3.2,2.8333333333333335,0.3666666666666667,0.46414157892781804,32.0,34.0,AFC East,-1,0.727,10.55,4.666666666666667,1.0,4.7,1.0,74.0,1.0,0.5,0.733,9.93,2.65,4.0,2.7,1.0,26.0,0.0,0.5,-0.46414157892781804,2025,BUF vs. NYJ,NYJ,1450.0,17.0,BUF,1550.0,1.0,0,-20,1,0
MIA,0.0,0.0,11.0,9.0,-15.95,1.151754385964912,24.150000000000006,-0.07813067150635233,1.5909090909090908,3.7125,-2.1215909090909086,0.41691378868617374,17.5,33.0,AFC East,-2,0.713,5.58,5.283333333333333,1.5,5.3,1.0,40.0,2.0,0.45,0.7925,10.315000000000001,4.053448275862069,1.5,4.05,1.0,60.0,0.0,0.45,-0.41691378868617374,2025-09-18,2025,BUF,2.0,1.0,11.5,15.0,-6.200000000000003,0.21500769929324437,4.349999999999994,2.352821709446029,3.071969696969697,1.6071428571428572,1.4648268398268396,1.4457262386513137,35.5,25.0,AFC East,2,0.6365000000000001,7.98,4.346586646661666,1.0,4.35,1.0,53.5,0.0,0.4119047619047619,0.596,7.84,6.484400656814451,1.5,6.5,1.0,43.0,1.0,0.4119047619047619,0.5542737613486863,2025,MIA vs. BUF,BUF,1585.9935000197115,1.0,MIA,1400.0,23.0,1,10,1,0
NOR,0.0,0.0,13.0,13.0,-22.200000000000003,-0.09824561403508802,11.799999999999997,-1.1700404858299596,1.1818181818181819,2.0,-0.3846153846153846,0.6936030710405706,13.0,26.0,NFC South,-3,0.6829999999999999,4.52,4.033333333333333,1.0,4.0,0.6666666666666666,77.0,1.0,0.35714285714285715,0.7240000000000001,8.38,2.9615384615384617,2.0,3.0,1.0,54.0,1.0,0.35714285714285715,-0.6936030710405706,2025-09-28,2025,BUF,3.0,1.0,12.0,14.0,11.599999999999994,1.0777233782129745,-18.799999999999997,1.068421052631579,2.727272727272727,1.75,0.9166666666666665,2.161385629926463,31.0,21.0,AFC East,3,0.7170000000000001,9.33,5.209302325581396,2.0,5.2,1.0,38.0,0.0,0.4666666666666667,0.647,4.15,5.2,2.0,5.2,1.0,51.0,1.0,0.4666666666666667,0.8386143700735369,2025,NOR vs. BUF,BUF,1611.5211706611783,1.0,NOR,1378.012999960577,27.0,1,12,0,0
NWE,2.0,0.5,11.0,11.5,17.0,-0.28675136116152444,-2.0500000000000043,-0.8674763832658572,2.2333333333333334,2.0,0.05367965367965355,2.099784278130019,23.5,20.5,AFC East,1,0.7675000000000001,8.765,3.844827586206897,2.0,3.8499999999999996,0.8333333333333333,62.0,0.5,0.39743589743589747,0.701,7.82,3.264102564102564,2.0,3.3,0.6666666666666666,62.0,1.0,0.39743589743589747,-0.09978427813001911,2025-10-05,2025,BUF,4.0,1.0,11.5,13.0,10.899999999999999,1.0511972154222766,-24.949999999999996,1.247832817337461,2.7727272727272725,1.6666666666666665,1.0757575757575757,2.9227600061886383,31.0,20.0,AFC East,4,0.722,8.89,5.182776162790698,2.0,5.2,1.0,46.5,0.0,0.4119047619047619,0.645,3.755,5.379411764705882,1.5,5.4,1.0,46.0,1.0,0.4119047619047619,1.0772399938113617,2025,NWE vs. BUF,BUF,1632.2035028533012,1.0,NWE,1502.2959864258146,12.0,0,-3,1,0
CAR,1.0,0.3333333333333333,10.0,13.0,-22.599999999999994,-0.4649122807017547,-25.599999999999994,1.5640732265446227,2.2,1.8571428571428572,-0.7999999999999998,1.474771773749816,22.0,26.0,NFC South,1,0.636,4.75,3.6666666666666665,1.0,3.7,1.0,55.0,2.0,0.3333333333333333,0.613,4.94,5.695652173913044,1.0,5.7,1.0,93.0,1.0,0.3333333333333333,-0.47477177374981605,2025-09-28,2025,NWE,1.0,0.3333333333333333,12.0,11.0,0.09999999999999432,-0.028130671506351845,-0.7000000000000028,-1.6700404858299596,1.1666666666666667,2.3333333333333335,-0.7380952380952381,1.1582347595308886,14.0,21.0,AFC East,-1,0.757,6.62,4.103448275862069,2.0,4.1,0.8333333333333333,70.0,1.0,0.46153846153846156,0.706,9.06,2.4615384615384617,2.0,2.5,0.8333333333333333,65.0,1.0,0.46153846153846156,-0.1582347595308886,2025,CAR vs. NWE,NWE,1447.9853938919734,17.0,CAR,1478.012999960577,17.0,1,29,0,0
MIA,1.0,0.25,11.5,11.0,-2.799999999999997,0.5017543859649121,23.5,0.8792767359010552,2.0,2.9416666666666664,-0.8393939393939394,1.345906889859296,24.0,32.0,AFC East,1,0.6635,6.415,4.633333333333333,2.0,4.65,1.0,48.5,1.0,0.45,0.7725,9.555,5.010855683269476,1.5,5.0,1.0,60.0,0.0,0.45,-0.3459068898592961,2025-10-05,2025,CAR,1.0,0.25,10.5,11.0,-16.949999999999996,-0.03824561403508819,-17.5,0.5798835032244642,1.6416666666666666,2.428571428571429,-0.8740259740259739,1.5332222551506858,17.5,26.5,NFC South,-1,0.6375,5.265000000000001,4.093333333333333,1.5,4.1,1.0,45.0,1.5,0.34523809523809523,0.6465000000000001,6.19,4.711462450592886,1.0,4.7,1.0,73.5,1.0,0.34523809523809523,-0.5332222551506858,2025,MIA vs. CAR,CAR,1423.7024074267358,22.0,MIA,1426.2623548040356,22.0,1,3,0,0
DAL,2.0,0.4,15.0,12.0,-4.700000000000003,1.277511961722488,16.900000000000006,0.02631578947368407,2.3125,2.642857142857143,0.0,2.3458044425725015,37.0,31.0,NFC East,2,0.731,6.5,5.409090909090909,2.0,5.4,1.0,91.0,1.0,0.42857142857142855,0.721,8.95,4.157894736842105,3.0,4.2,1.0,61.0,1.0,0.42857142857142855,-0.34580444257250154,2025-10-12,2025,CAR,2.0,0.4,11.0,11.0,-11.900000000000006,0.38842105263157833,-9.400000000000006,-0.40430622009569417,1.6875,2.1818181818181817,-0.7999999999999998,2.1025590468036555,22.0,26.0,NFC South,1,0.636,5.78,4.52,2.0,4.5,1.0,46.0,2.0,0.35714285714285715,0.68,7.44,3.727272727272727,1.0,3.7,1.0,64.0,1.0,0.35714285714285715,-0.10255904680365546,2025,DAL vs. CAR,CAR,1474.0708068019208,15.0,DAL,1439.3917450469417,15.0,1,3,0,0
CHI,0.0,0.0,14.0,16.0,-14.799999999999997,0.4453441295546554,-3.299999999999997,0.48380566801619374,1.7142857142857142,1.6875,0.02678571428571419,0.4306632083470305,24.0,27.0,NFC North,-1,0.6,6.23,4.576923076923077,1.0,4.6,0.5,127.0,1.0,0.25,0.65,6.45,4.615384615384615,2.0,4.6,1.0,50.0,1.0,0.25,-0.4306632083470305,2025-09-14,2025,DET,0.0,0.0,9.0,10.0,-14.099999999999994,-2.0406698564593304,28.599999999999994,-1.0115789473684211,1.4444444444444444,2.7,-1.2555555555555558,0.1503059582758786,13.0,27.0,NFC North,-1,0.795,4.49,2.090909090909091,1.0,2.1,1.0,40.0,1.0,0.3333333333333333,0.727,10.36,3.12,2.0,3.1,1.0,40.0,0.0,0.3333333333333333,-0.1503059582758786,2025,CHI vs. DET,DET,1450.0,17.0,CHI,1450.0,17.0,1,31,1,0
DAL,1.0,0.5,12.5,11.0,-14.050000000000004,0.9836807928913189,6.5,-0.052631578947368585,2.333333333333333,2.821428571428571,-0.48809523809523814,0.9396857292419342,30.0,30.5,NFC East,1,0.6745,6.015000000000001,5.11525974025974,1.0,5.1,1.0,74.0,1.0,0.5324675324675324,0.7789999999999999,8.46,4.078947368421053,1.5,4.1,1.0,135.0,0.5,0.5324675324675324,0.060314270758065835,2025-09-21,2025,CHI,0.0,0.0,13.5,15.5,-13.100000000000001,0.6383640725745985,26.35,1.1261133603238864,1.6648351648351647,2.5770833333333334,-0.9122481684981686,0.5350945140425908,22.5,39.5,NFC North,-2,0.618,6.145,4.769943019943019,1.5,4.8,0.5,88.5,1.5,0.3942307692307692,0.7355,10.975,5.257692307692308,3.5,5.25,0.75,39.0,0.5,0.3942307692307692,-0.5350945140425908,2025,DAL vs. CHI,CHI,1400.0,23.0,DAL,1500.0,11.0,1,17,0,0
CHI,1.0,0.3333333333333333,13.0,15.0,-11.400000000000006,0.4453441295546554,-3.299999999999997,1.7684210526315791,1.7142857142857142,1.6875,0.02678571428571419,1.4031625586127672,24.0,27.0,NFC North,1,0.636,6.23,4.576923076923077,2.0,4.6,0.75,50.0,1.0,0.5384615384615384,0.7559999999999999,6.45,5.9,2.0,5.9,1.0,28.0,1.0,0.5384615384615384,-0.4031625586127672,2025-09-28,2025,LVR,1.0,0.3333333333333333,12.0,14.0,-0.7000000000000028,-0.8101503759398492,17.0,-0.7982456140350882,1.6666666666666667,1.8181818181818181,-0.9999999999999999,1.0855205067706364,20.0,20.0,AFC West,-2,0.655,9.06,3.321428571428572,1.0,3.3,1.0,54.0,1.0,0.38461538461538464,0.7040000000000001,10.22,3.333333333333333,1.0,3.3,0.6666666666666666,54.0,1.0,0.38461538461538464,-0.08552050677063638,2025,CHI vs. LVR,LVR,1450.0,17.0,CHI,1464.0064999802885,17.0,0,-1,0,0
CHI,2.0,0.5,12.5,15.5,-13.100000000000001,-0.3431174089068829,-15.149999999999999,1.8434210526315788,1.9935064935064934,1.59375,0.39975649350649356,1.927330741720484,24.5,25.5,NFC North,2,0.618,6.145,3.7884615384615383,1.5,3.8,1.0,55.0,1.0,0.4879807692307692,0.7115,5.005,5.975,2.0,6.0,0.75,32.0,2.5,0.4879807692307692,0.07266925827951609,2025-10-13,2025,WAS,3.0,0.6,12.0,11.0,-4.599999999999994,2.1496710526315788,10.799999999999997,-0.6721194879089611,1.8,1.8461538461538463,1.0824175824175821,3.2884115863339094,27.0,24.0,NFC East,1,0.593,7.73,6.28125,1.0,6.3,0.8333333333333333,50.0,1.0,0.3125,0.655,9.97,3.45945945945946,2.0,3.5,1.0,54.0,0.0,0.3125,-0.2884115863339094,2025,CHI vs. WAS,WAS,1545.423260382555,8.0,CHI,1511.991893872262,12.0,0,-1,0,0
JAX,1.0,1.0,14.0,11.0,-25.599999999999994,2.1184210526315788,-52.4,0.38842105263157833,1.8571428571428572,0.9090909090909091,0.9480519480519481,0.9058992538147552,26.0,10.0,AFC South,1,0.613,4.94,6.25,1.0,6.3,1.0,93.0,1.0,0.4166666666666667,0.514,2.06,4.52,1.0,4.5,1.0,35.0,3.0,0.4166666666666667,0.09410074618524478,2025-09-14,2025,CIN,1.0,1.0,10.0,9.0,-15.5,-2.1315789473684212,-25.900000000000006,-2.0899122807017547,1.7,1.7777777777777777,-0.07777777777777772,0.535858421072182,17.0,16.0,AFC North,1,0.609,5.0,2.0,1.0,2.0,1.0,33.0,0.0,0.5,0.6890000000000001,4.62,2.0416666666666665,1.0,2.0,0.5,53.0,2.0,0.5,0.46414157892781804,2025,JAX vs. CIN,CIN,1550.0,1.0,JAX,1550.0,1.0,1,4,0,0
CIN,2.0,1.0,11.0,11.5,-19.6,-1.7198142414860682,-23.150000000000006,-0.536671539961014,2.1416666666666666,1.8531746031746033,0.2884920634920636,1.1169890119632002,24.0,21.5,AFC North,2,0.6154999999999999,5.02,2.4117647058823533,2.0,2.4,1.0,31.0,1.5,0.4642857142857143,0.6300000000000001,5.0600000000000005,3.5949074074074074,2.0,3.55,0.75,54.0,2.0,0.4642857142857143,0.8830109880367998,2025-09-21,2025,MIN,1.0,0.5,15.0,14.0,-36.65,0.22874493927125483,-19.85,0.9517543859649118,1.0580357142857142,1.6428571428571428,-0.5848214285714285,0.6133059945497928,16.5,23.0,NFC North,-1,0.587,3.94,4.3603238866396765,1.0,4.35,1.0,50.0,2.5,0.3068181818181818,0.6094999999999999,5.6850000000000005,5.083333333333333,0.5,5.1,0.75,78.0,1.0,0.3068181818181818,0.38669400545020716,2025,CIN vs. MIN,MIN,1485.9935000197115,11.0,CIN,1600.0,1.0,1,38,0,0
CIN,2.0,0.6666666666666666,12.0,14.0,-23.700000000000003,-1.607769423558897,-20.400000000000006,1.0165692007797267,1.7,1.9285714285714286,-0.07777777777777772,1.1407046386472628,17.0,27.0,AFC North,-1,0.622,5.0,2.523809523809524,1.0,2.5,1.0,33.0,3.0,0.42857142857142855,0.667,5.5,5.148148148148148,2.0,5.1,1.0,55.0,2.0,0.42857142857142855,0.8592953613527372,2025-09-29,2025,DEN,1.0,0.3333333333333333,15.0,14.0,-13.400000000000006,0.901754385964912,-26.099999999999994,-0.34586466165413565,1.3333333333333333,1.6428571428571428,-0.30303030303030276,1.6675754612523388,20.0,23.0,AFC West,-2,0.625,6.68,5.033333333333333,1.0,5.0,1.0,83.0,1.0,0.4,0.596,5.21,3.7857142857142856,1.0,3.8,1.0,68.0,2.0,0.4,-0.6675754612523388,2025,CIN vs. DEN,DEN,1464.0064999802885,17.0,CIN,1534.157706389236,7.0,1,25,0,0
DET,3.0,0.75,12.0,12.5,-4.850000000000001,0.6950998185117965,8.599999999999994,-0.3347368421052632,3.034965034965035,2.0576923076923075,1.402913752913753,2.6302466731541836,36.0,24.0,NFC North,3,0.7545000000000001,6.984999999999999,4.826678765880217,1.5,4.85,0.75,37.5,0.5,0.41428571428571426,0.6815,8.209999999999999,3.796842105263158,2.0,3.8,1.0,42.0,1.5,0.41428571428571426,0.3697533268458164,2025-10-05,2025,CIN,2.0,0.5,12.0,12.5,-28.65,-1.4579094795813061,-11.25,0.8898635477582841,1.1833333333333333,2.237012987012987,-1.1866161616161617,1.1457031028992475,13.5,27.5,AFC North,-2,0.6154999999999999,4.62,2.673669467787115,1.0,2.65,1.0,39.0,1.5,0.35064935064935066,0.678,6.57,5.021442495126705,2.0,5.0,1.0,63.5,1.5,0.35064935064935066,0.8542968971007525,2025,DET vs. CIN,CIN,1474.197128121246,12.0,DET,1589.5052281807828,3.0,0,-13,0,0
CIN,2.0,0.4,12.0,13.0,-25.299999999999997,-1.3080495356037152,-2.0999999999999943,0.7631578947368416,1.5,2.5454545454545454,-1.3461538461538463,1.4095852045676849,17.0,28.0,AFC North,-3,0.622,4.24,2.823529411764706,1.0,2.8,1.0,33.0,3.0,0.36363636363636365,0.6890000000000001,7.64,4.894736842105263,2.0,4.9,1.0,56.0,1.0,0.36363636363636365,0.5904147954323151,2025-10-12,2025,GNB,2.0,0.5,11.5,11.5,13.850000000000001,-0.3215789473684212,-15.399999999999999,-0.5394736842105265,2.388461538461539,1.5404040404040404,0.22027972027972031,2.4223779025329484,27.0,15.5,NFC North,0,0.7204999999999999,9.46,3.81,2.0,3.8,0.8333333333333333,64.0,0.5,0.48611111111111116,0.679,4.85,3.5921052631578947,1.5,3.6,1.0,65.0,0.5,0.48611111111111116,-0.4223779025329484,2025,CIN vs. GNB,GNB,1461.6208356692227,12.0,CIN,1440.2077316405778,15.0,1,9,0,0
GNB,2.0,1.0,11.5,10.0,19.699999999999996,-0.3215789473684212,-15.399999999999999,-1.7440191387559811,2.388461538461539,1.5404040404040404,0.8480574980574982,1.5730064738996243,27.0,15.5,NFC North,2,0.6699999999999999,10.165,3.81,2.0,3.8,0.8333333333333333,58.5,0.0,0.4083333333333333,0.683,4.85,2.38755980861244,1.5,2.4000000000000004,0.6666666666666666,35.0,0.5,0.4083333333333333,0.42699352610037566,2025-09-21,2025,CLE,0.0,0.0,12.5,11.5,-26.0,-0.4971092503987238,4.549999999999997,-2.06015037593985,1.4201388888888888,2.4269230769230767,-1.006784188034188,0.5745623639341009,16.5,29.0,AFC North,-2,0.636,4.415,3.6344696969696972,1.5,3.6,0.75,47.5,2.0,0.4756944444444444,0.632,7.275,2.071428571428571,2.5,2.05,1.0,30.5,0.0,0.4756944444444444,-0.5745623639341009,2025,GNB vs. CLE,CLE,1400.0,23.0,GNB,1600.0,1.0,1,3,0,0
CLE,1.0,0.3333333333333333,14.0,11.0,-26.099999999999994,0.9210526315789469,-15.5,-1.9887218045112784,1.0625,1.7,0.019480519480519543,1.225190935300777,16.0,17.0,AFC North,1,0.583,4.21,5.052631578947368,1.0,5.1,1.0,53.0,2.0,0.3888888888888889,0.655,5.0,2.142857142857143,1.0,2.1,1.0,33.0,0.0,0.3888888888888889,-0.22519093530077705,2025-09-28,2025,DET,2.0,0.6666666666666666,11.0,12.0,3.5999999999999943,1.7631578947368416,28.599999999999994,0.3421052631578947,3.4545454545454546,2.5,0.9545454545454546,1.682383047252117,38.0,27.0,NFC North,2,0.795,7.93,5.894736842105263,1.0,5.9,0.5,40.0,0.0,0.4,0.727,10.36,4.473684210526316,2.0,4.5,1.0,40.0,1.0,0.4,0.31761695274788293,2025,CLE vs. DET,DET,1550.0,7.0,CLE,1475.9746926647958,17.0,1,24,0,0
MIN,2.0,0.5,14.0,14.0,-11.549999999999997,0.22874493927125483,-19.85,0.4155032807482897,1.71875,1.6428571428571428,-0.33839285714285705,2.0111267900135568,24.0,23.0,NFC North,-1,0.651,5.965,4.3603238866396765,2.0,4.35,1.0,66.0,1.5,0.30952380952380953,0.6615,5.6850000000000005,4.547082228116711,1.0,4.55,0.75,40.0,1.0,0.30952380952380953,-0.011126790013556764,2025-10-05,2025,CLE,1.0,0.25,14.0,12.0,-36.25,-0.14230019493177415,-14.399999999999999,-1.753698763036624,0.9955357142857143,2.1576923076923076,-0.9408091908091907,1.2773273093987103,14.5,25.5,AFC North,-1,0.583,3.25,3.989278752436647,0.5,4.0,0.75,48.5,2.0,0.3482905982905983,0.632,5.52,2.377880184331797,1.5,2.35,1.0,34.0,0.5,0.3482905982905983,-0.2773273093987103,2025,MIN vs. CLE,CLE,1436.469464484013,22.0,MIN,1499.8468794603605,12.0,0,-4,0,0
CLE,1.0,0.2,14.0,13.0,-26.099999999999994,0.24342105263157876,-13.299999999999997,-1.5186757215619697,1.0625,1.7,-0.3666666666666667,1.6546793940438391,16.0,21.0,AFC North,-2,0.583,4.21,4.375,1.0,4.4,1.0,53.0,2.0,0.3076923076923077,0.655,6.04,2.6129032258064515,2.0,2.6,1.0,35.0,1.0,0.3076923076923077,-0.6546793940438391,2025-10-12,2025,PIT,3.0,0.75,11.0,12.0,6.199999999999996,-1.092293233082707,-6.100000000000001,-0.06261343012704179,2.3666666666666667,1.9821428571428572,0.1416666666666666,2.0316956602927427,22.5,26.0,AFC North,2,0.7144999999999999,7.505,3.039285714285714,1.5,3.05,1.0,30.5,0.5,0.4,0.6970000000000001,6.765000000000001,4.068965517241379,2.0,4.05,1.0,64.0,2.0,0.4,0.9683043397072573,2025,CLE vs. PIT,PIT,1589.9970202978532,3.0,CLE,1395.4903714874486,21.0,1,14,1,0
NYG,0.0,0.0,11.0,12.0,-41.9,-0.9141876430205951,-4.599999999999994,2.7434210526315788,0.5454545454545454,1.75,-1.2045454545454546,0.04884392128316405,6.0,21.0,NFC East,-1,0.4589999999999999,4.24,3.217391304347826,0.0,3.2,1.0,35.0,0.0,0.25,0.633,7.73,6.875,1.0,6.9,,89.0,0.0,0.25,-0.04884392128316405,2025-09-14,2025,DAL,0.0,0.0,10.0,8.0,-23.400000000000006,1.277511961722488,-7.200000000000003,0.02631578947368407,2.0,3.0,-1.0,0.3936244838553403,20.0,24.0,NFC East,-1,0.618,5.53,5.409090909090909,0.0,5.4,1.0,42.0,1.0,0.6363636363636364,0.826,6.26,4.157894736842105,0.0,4.2,1.0,110.0,0.0,0.6363636363636364,-0.3936244838553403,2025,NYG vs. DAL,DAL,1450.0,17.0,NYG,1450.0,17.0,1,3,1,0
GNB,2.0,0.6666666666666666,11.0,11.0,10.799999999999997,-1.0115789473684211,-16.700000000000003,-1.4473684210526319,2.076923076923077,1.4444444444444444,0.44055944055944063,1.9223779025329484,27.0,13.0,NFC North,-1,0.72,9.97,3.12,2.0,3.1,0.6666666666666666,75.0,0.0,0.4166666666666667,0.583,4.49,2.6842105263157894,1.0,2.7,1.0,40.0,1.0,0.4166666666666667,0.07762209746705162,2025-09-28,2025,DAL,1.0,0.3333333333333333,15.0,12.0,-23.400000000000006,1.277511961722488,20.200000000000003,-0.13157894736842124,2.0,2.642857142857143,-1.0,1.071617684671758,20.0,31.0,NFC East,-1,0.731,5.53,5.409090909090909,1.0,5.4,1.0,42.0,1.0,0.42857142857142855,0.732,10.66,4.0,3.0,4.0,1.0,110.0,0.0,0.42857142857142855,-0.071617684671758,2025,GNB vs. DAL,DAL,1435.9935000197115,17.0,GNB,1524.0253073352042,7.0,0,0,0,0
DAL,1.0,0.25,13.5,12.0,-14.050000000000004,0.9836807928913189,18.550000000000004,-0.052631578947368585,2.333333333333333,2.821428571428571,-0.5,1.5716176846717578,30.0,34.0,NFC East,0,0.7434999999999999,6.015000000000001,5.11525974025974,1.5,5.1,1.0,68.5,1.0,0.39610389610389607,0.7264999999999999,9.805,4.078947368421053,3.0,4.1,1.0,81.5,0.5,0.39610389610389607,-0.5716176846717578,2025-10-05,2025,NYJ,0.0,0.0,13.0,12.0,-1.6000000000000014,0.5827067669172932,7.700000000000003,-0.35359033256766215,1.825,2.4886363636363633,-0.33571428571428585,1.3461505196445323,24.0,29.5,AFC East,-4,0.7244999999999999,6.470000000000001,4.714285714285714,1.0,4.75,1.0,77.5,1.5,0.35858585858585856,0.6675,8.565,3.7779886148007593,1.5,3.8,1.0,54.5,0.0,0.35858585858585856,-1.3461505196445323,2025,DAL vs. NYJ,NYJ,1335.1259927673525,30.0,DAL,1398.397971685693,22.0,0,-15,0,0
DEN,1.0,1.0,15.0,17.0,-41.0,0.901754385964912,-49.7,-0.7506265664160403,1.3333333333333333,0.7058823529411765,0.6274509803921567,0.7704151289294398,20.0,12.0,AFC West,1,0.625,2.4,5.033333333333333,1.0,5.0,1.0,45.0,4.0,0.4,0.429,2.21,3.380952380952381,0.0,3.4,1.0,131.0,2.0,0.4,0.22958487107056025,2025-09-14,2025,IND,1.0,1.0,8.0,11.0,14.400000000000006,-0.23157894736842133,-45.1,2.3684210526315788,4.125,0.7272727272727273,3.3977272727272725,0.9663803399468847,33.0,8.0,AFC South,1,0.759,9.72,3.9,1.0,3.9,1.0,45.0,0.0,0.4666666666666667,0.613,2.03,6.5,1.0,6.5,,15.0,3.0,0.4666666666666667,0.03361966005311534,2025,DEN vs. IND,IND,1550.0,1.0,DEN,1550.0,1.0,1,1,0,0
DEN,1.0,0.5,13.5,14.0,-14.899999999999999,0.8434210526315788,-21.950000000000003,0.16827224310776923,1.8333333333333335,1.6711229946524064,0.162210338680927,1.2496354976887023,24.0,20.5,AFC West,-1,0.679,4.885,4.975,2.0,4.95,0.5,64.0,2.5,0.4222222222222222,0.5525,5.9,4.299851190476191,0.5,4.3,1.0,99.5,1.0,0.4222222222222222,-0.2496354976887023,2025-09-21,2025,LAC,2.0,1.0,10.5,11.5,25.9,-0.7738866396761135,-38.7,0.5402476780185756,2.2590909090909093,1.2840909090909092,0.9750000000000001,1.5136886250368722,23.5,15.0,AFC West,2,0.7195,10.465,3.3576923076923078,2.5,3.35,1.0,41.0,0.5,0.45104895104895104,0.5865,3.625,4.671826625386997,0.5,4.7,1.0,59.0,1.5,0.45104895104895104,0.4863113749631278,2025,DEN vs. LAC,LAC,1600.0,1.0,DEN,1500.0,11.0,1,3,1,0
DEN,2.0,0.5,13.5,13.0,-7.75,0.8434210526315788,-29.849999999999994,-0.47205513784461184,1.8333333333333335,1.1743697478991597,0.162210338680927,2.6625769970003543,24.0,17.5,AFC West,1,0.6575,7.025,4.975,1.5,4.95,1.0,77.5,1.0,0.4222222222222222,0.5780000000000001,4.725,3.6595238095238094,0.5,3.65,1.0,66.5,1.0,0.4222222222222222,-0.6625769970003543,2025-10-05,2025,PHI,4.0,1.0,10.5,13.0,-2.8999999999999986,-0.7448687077170051,-21.700000000000003,0.7759892908449784,2.791666666666667,1.7000000000000002,0.9583333333333334,2.46387432090935,27.5,22.5,NFC East,4,0.669,6.295,3.386710239651416,1.0,3.4000000000000004,1.0,66.5,0.0,0.35714285714285715,0.5555,5.575,4.9075682382134,1.5,4.95,0.8333333333333333,41.5,1.0,0.35714285714285715,1.5361256790906501,2025,DEN vs. PHI,PHI,1682.701325329304,1.0,DEN,1523.9670782482783,12.0,0,-4,0,0
DEN,3.0,0.6,14.0,14.0,-13.400000000000006,0.7850877192982457,-26.099999999999994,-0.34586466165413565,1.5,1.2142857142857142,0.2857142857142858,3.2852249123552255,21.0,17.0,AFC West,2,0.625,6.68,4.916666666666667,1.0,4.9,1.0,83.0,1.0,0.4,0.596,5.21,3.7857142857142856,1.0,3.8,1.0,65.0,0.0,0.4,-0.2852249123552255,2025-10-12,2025,NYJ,0.0,0.0,14.0,12.0,-4.299999999999997,0.6303258145363406,14.900000000000006,-0.16383701188455024,1.4666666666666666,2.3125,-0.8458333333333334,1.5719637617437885,22.0,30.0,AFC East,-5,0.722,5.96,4.761904761904762,1.0,4.8,1.0,74.0,1.0,0.4375,0.655,8.68,3.967741935483871,2.0,4.0,1.0,69.0,0.0,0.4375,-1.5719637617437885,2025,DEN vs. NYJ,NYJ,1294.1322194061036,28.0,DEN,1595.3437243856208,8.0,0,-2,0,0
DET,4.0,0.8,13.0,13.0,3.5999999999999943,-0.37295825771324864,-11.400000000000006,0.3421052631578947,2.8461538461538463,1.6153846153846154,1.3461538461538463,3.366364571485746,37.0,24.0,NFC North,4,0.795,7.93,3.7586206896551726,2.0,3.8,0.75,40.0,1.0,0.4,0.65,6.06,4.473684210526316,2.0,4.5,1.0,40.0,2.0,0.4,0.6336354285142538,2025-10-12,2025,KAN,2.0,0.4,12.0,10.0,-11.5,0.522267206477733,-17.900000000000006,0.06072874493927127,2.0,2.0,-0.4545454545454546,2.9041114447307037,22.0,20.0,AFC West,-1,0.615,6.9,4.653846153846154,1.0,4.7,0.75,71.0,0.0,0.35714285714285715,0.6970000000000001,5.12,4.1923076923076925,1.0,4.2,1.0,49.0,2.0,0.35714285714285715,-0.9041114447307037,2025,DET vs. KAN,KAN,1473.119887421479,15.0,DET,1623.4946246614509,1.0,1,13,0,0
WAS,1.0,1.0,12.0,11.0,-4.599999999999994,2.7434210526315788,-41.9,-0.9141876430205951,1.75,0.5454545454545454,1.2045454545454546,0.9511560787168359,21.0,6.0,NFC East,1,0.633,7.73,6.875,1.0,6.9,,89.0,0.0,0.36363636363636365,0.4589999999999999,4.24,3.217391304347826,0.0,3.2,1.0,35.0,0.0,0.36363636363636365,0.04884392128316406,2025-09-11,2025,GNB,1.0,1.0,10.0,9.0,28.599999999999994,-1.0115789473684211,-14.099999999999994,-2.0406698564593304,2.7,1.4444444444444444,1.2555555555555558,0.8496940417241214,27.0,13.0,NFC North,1,0.727,10.36,3.12,2.0,3.1,1.0,40.0,0.0,0.4,0.795,4.49,2.090909090909091,1.0,2.1,1.0,40.0,1.0,0.4,0.15030595827587856,2025,WAS vs. GNB,GNB,1550.0,1.0,WAS,1550.0,1.0,1,9,0,0
TAM,1.0,1.0,13.0,9.0,-1.7000000000000028,0.2597254004576657,-7.700000000000003,-1.6672932330827068,1.7692307692307692,2.2222222222222223,-0.45299145299145316,0.5820600364363633,23.0,20.0,NFC South,1,0.531,6.84,4.391304347826087,3.0,4.4,0.5,60.0,0.0,0.5,0.643,7.36,2.4642857142857144,1.0,2.5,0.6666666666666666,55.0,0.0,0.5,0.4179399635636367,2025-09-15,2025,HOU,0.0,0.0,13.0,9.0,-31.400000000000006,0.09064327485380108,6.099999999999994,-1.2515789473684213,0.6923076923076923,1.5555555555555556,-0.8632478632478633,0.2597739807380468,9.0,14.0,AFC South,-1,0.7040000000000001,3.93,4.222222222222222,0.0,4.2,1.0,80.0,2.0,0.2222222222222222,0.7240000000000001,8.41,2.88,1.0,2.9,,60.0,1.0,0.2222222222222222,-0.2597739807380468,2025,TAM vs. HOU,HOU,1450.0,17.0,TAM,1550.0,1.0,0,-1,0,0
HOU,0.0,0.0,12.0,11.5,-19.35,0.19005847953216382,0.75,0.12508771929824558,1.2097902097902098,1.492063492063492,-0.2822732822732823,0.7294200756345514,14.0,17.0,AFC South,-2,0.623,6.175,4.321637426900585,0.5,4.300000000000001,1.0,62.5,1.0,0.2222222222222222,0.6910000000000001,7.245,4.256666666666667,1.5,4.25,0.0,52.5,0.5,0.2222222222222222,-0.7294200756345514,2025-09-21,2025,JAX,1.0,0.5,14.0,11.5,-23.0,1.5674951267056527,-38.05,-0.4598142414860684,1.8928571428571428,1.7462121212121213,0.14664502164502163,1.324768662923737,26.5,20.5,AFC South,-1,0.5920000000000001,5.220000000000001,5.699074074074074,2.0,5.699999999999999,1.0,74.0,1.5,0.4391025641025641,0.5680000000000001,3.55,3.671764705882353,2.0,3.65,1.0,32.0,3.0,0.4391025641025641,-0.32476866292373696,2025,HOU vs. JAX,JAX,1500.0,11.0,HOU,1414.0064999802885,23.0,1,7,1,0
TEN,0.0,0.0,15.0,14.0,-28.200000000000003,-0.39244851258581237,4.400000000000006,0.901754385964912,1.2666666666666666,2.357142857142857,-1.0904761904761906,0.5966372740559226,19.0,33.0,AFC South,-3,0.5760000000000001,4.5,3.739130434782609,1.0,3.7,1.0,68.0,1.0,0.35714285714285715,0.6970000000000001,8.64,5.033333333333333,1.0,5.0,1.0,29.0,1.0,0.35714285714285715,-0.5966372740559226,2025-09-28,2025,HOU,0.0,0.0,13.0,12.0,-31.400000000000006,0.28947368421052655,-4.599999999999994,-0.5482456140350882,0.6923076923076923,1.4285714285714286,-0.7916666666666667,0.9508092950296966,10.0,17.0,AFC South,-3,0.6579999999999999,3.93,4.421052631578948,1.0,4.4,1.0,66.0,2.0,0.2222222222222222,0.6579999999999999,6.08,3.583333333333333,1.0,3.6,0.25,60.0,1.0,0.2222222222222222,-0.9508092950296966,2025,TEN vs. HOU,HOU,1376.135291917265,27.0,TEN,1388.4788293388217,27.0,1,26,1,0
IND,2.0,1.0,9.5,11.5,10.100000000000001,0.4277960526315787,-16.95,1.5767543859649122,3.3806818181818183,1.5303030303030303,1.8503787878787876,1.4871599711876222,31.0,18.0,AFC South,2,0.7175,9.655000000000001,4.559375,1.0,4.55,1.0,56.5,0.0,0.4641025641025641,0.673,4.7,5.708333333333334,2.0,5.7,0.0,49.0,2.0,0.4641025641025641,0.5128400288123778,2025-09-21,2025,TEN,0.0,0.0,16.0,14.5,-35.75,-0.3449489107383845,-18.299999999999997,1.3650877192982454,0.9862745098039216,1.8452380952380953,-0.8589635854341737,0.44233915082079345,15.5,26.5,AFC South,-2,0.5025000000000001,3.575,3.7866300366300365,0.5,3.8,1.0,96.5,1.5,0.27142857142857146,0.661,5.5200000000000005,5.496666666666666,1.5,5.5,1.0,37.0,2.5,0.27142857142857146,-0.44233915082079345,2025,IND vs. TEN,TEN,1414.0064999802885,23.0,IND,1600.0,1.0,0,-21,1,0
IND,3.0,1.0,9.0,11.0,13.400000000000006,0.761278195488722,-28.200000000000003,0.7850877192982457,4.125,2.0,2.5555555555555554,2.332861847952493,33.0,20.0,AFC South,3,0.72,9.72,4.892857142857143,1.0,4.9,1.0,45.0,0.0,0.46153846153846156,0.613,4.5,4.916666666666667,1.0,4.9,0.25,68.0,1.0,0.46153846153846156,0.667138152047507,2025-09-28,2025,LAR,2.0,0.6666666666666666,14.0,13.0,4.400000000000006,1.0297113752122238,-21.799999999999997,0.06072874493927127,1.7333333333333334,1.2666666666666666,0.8632478632478633,1.8898552017421761,26.0,19.0,NFC West,-1,0.6970000000000001,8.41,5.161290322580645,2.0,5.2,0.8333333333333333,41.0,1.0,0.4166666666666667,0.6559999999999999,4.94,4.1923076923076925,1.0,4.2,1.0,62.0,1.0,0.4166666666666667,0.11014479825782386,2025,IND vs. LAR,LAR,1535.9935000197115,7.0,IND,1625.527670641467,1.0,1,7,0,0
LVR,1.0,0.25,12.5,12.5,-13.850000000000001,-0.6813909774436089,-1.7000000000000028,-0.907219973009447,1.5833333333333335,2.0454545454545454,-0.8863636363636365,1.5613523236629194,22.0,22.5,AFC West,-3,0.661,5.055000000000001,3.450187969924812,1.5,3.45,0.8333333333333333,50.5,2.0,0.3173076923076923,0.678,7.84,3.2243589743589745,1.0,3.2,0.8333333333333333,57.0,1.0,0.3173076923076923,-0.5613523236629194,2025-10-05,2025,IND,3.0,0.75,10.0,11.5,9.600000000000001,0.33865914786967455,-8.5,0.2882928475033737,3.3806818181818183,2.0384615384615383,1.429292929292929,2.6621850100288604,31.0,23.5,AFC South,-1,0.7235,9.655000000000001,4.470238095238096,1.0,4.45,1.0,56.5,0.0,0.39743589743589747,0.66,5.9350000000000005,4.419871794871795,2.0,4.4,0.5,65.5,1.0,0.39743589743589747,0.33781498997113957,2025,LVR vs. IND,IND,1562.920517427068,3.0,LVR,1402.0146061080266,22.0,1,34,0,0
JAX,2.0,0.6666666666666666,14.0,12.0,-25.599999999999994,1.0165692007797267,-36.1,0.38842105263157833,1.8571428571428572,0.9090909090909091,0.7916666666666667,2.1033794435285915,26.0,10.0,AFC South,1,0.5710000000000001,4.94,5.148148148148148,1.0,5.1,1.0,70.0,1.0,0.4166666666666667,0.622,3.0,4.52,1.0,4.5,1.0,35.0,3.0,0.4166666666666667,-0.10337944352859152,2025-09-28,2025,SFO,3.0,1.0,12.0,12.0,-9.200000000000003,-0.8260233918128654,-13.5,-0.34586466165413565,1.4545454545454546,1.25,0.3333333333333335,1.8158732255654857,17.0,15.0,NFC West,3,0.667,6.27,3.305555555555556,2.0,3.3,1.0,61.0,1.0,0.5,0.696,6.35,3.7857142857142856,1.0,3.8,0.6666666666666666,30.0,1.0,0.5,1.1841267744345143,2025,JAX vs. SFO,SFO,1635.9935000197115,1.0,JAX,1537.8712080630237,7.0,0,-5,0,0
KAN,2.0,0.5,11.5,10.0,-14.100000000000001,0.07034412955465585,-20.6,0.07582846003898625,1.875,1.6666666666666665,0.2727272727272727,2.464126950303261,21.5,20.0,AFC West,2,0.605,6.4350000000000005,4.201923076923077,1.0,4.25,0.75,58.0,0.0,0.34523809523809523,0.6895,4.695,4.207407407407407,0.5,4.2,1.0,52.5,1.0,0.34523809523809523,-0.4641269503032608,2025-10-06,2025,JAX,3.0,0.75,13.5,12.5,-23.0,0.8018701267056527,-29.900000000000002,-0.14241228070175493,1.8928571428571428,1.2622377622377623,0.5881410256410257,2.7272877932497965,26.0,15.5,AFC South,2,0.5920000000000001,5.220000000000001,4.933449074074074,1.0,4.9,0.8333333333333333,80.0,1.0,0.35119047619047616,0.6005,4.02,3.9891666666666663,1.5,4.0,1.0,44.5,3.0,0.35119047619047616,0.27271220675020347,2025,KAN vs. JAX,JAX,1601.6283142220025,3.0,KAN,1510.2668066049966,12.0,1,3,0,0
SEA,3.0,0.6,13.0,13.0,9.299999999999997,-0.09709618874773174,-22.200000000000003,-0.8260233918128654,2.2142857142857144,1.3333333333333333,0.4358974358974359,3.1329561187972272,31.0,17.0,NFC West,-1,0.696,9.58,4.0344827586206895,2.0,4.0,0.75,56.0,2.0,0.42857142857142855,0.6829999999999999,4.39,3.305555555555556,2.0,3.3,1.0,46.0,2.0,0.42857142857142855,-0.13295611879722724,2025-10-12,2025,JAX,4.0,0.8,13.0,13.0,-20.400000000000006,0.5871710526315788,-23.700000000000003,0.38842105263157833,1.9285714285714286,1.6153846153846154,0.7916666666666667,3.2873032988223536,26.0,21.0,AFC South,3,0.613,5.5,4.71875,1.0,4.7,1.0,70.0,1.0,0.4166666666666667,0.622,5.04,4.52,1.0,4.5,1.0,54.0,3.0,0.4166666666666667,0.7126967011776464,2025,SEA vs. JAX,JAX,1638.77523340552,1.0,SEA,1543.448968246671,8.0,0,-8,0,0
PHI,1.0,1.0,8.0,10.0,-7.200000000000003,0.02631578947368407,-23.400000000000006,1.277511961722488,3.0,2.0,1.0,0.6063755161446597,24.0,20.0,NFC East,1,0.826,6.26,4.157894736842105,0.0,4.2,1.0,110.0,0.0,0.6153846153846154,0.618,5.53,5.409090909090909,0.0,5.4,1.0,42.0,1.0,0.6153846153846154,0.3936244838553403,2025-09-14,2025,KAN,0.0,0.0,12.0,10.0,-11.5,1.6331269349845199,30.0,-0.5315789473684212,1.75,2.7,-0.9500000000000002,0.3553475075517285,21.0,27.0,AFC West,-1,0.615,6.9,5.764705882352941,1.0,5.8,1.0,71.0,0.0,0.35714285714285715,0.735,10.71,3.6,3.0,3.6,1.0,49.0,0.0,0.35714285714285715,-0.3553475075517285,2025,PHI vs. KAN,KAN,1450.0,17.0,PHI,1550.0,1.0,0,-3,0,0
KAN,0.0,0.0,11.5,10.0,-20.75,1.0776970707311264,3.3500000000000014,-0.5374613003095976,1.6477272727272727,2.35,-0.7022727272727274,0.7602281041657537,19.0,23.5,AFC West,-2,0.5835,6.0,5.209276018099548,1.0,5.25,0.75,58.0,0.5,0.34523809523809523,0.7085,7.49,3.5941176470588236,1.5,3.6,1.0,48.5,0.0,0.34523809523809523,-0.7602281041657537,2025-09-21,2025,NYG,0.0,0.0,12.5,13.5,-10.849999999999998,-0.5228832951945082,-4.649999999999999,1.7166353383458643,1.594155844155844,2.208333333333333,-0.6141774891774892,0.5027826758965702,21.5,30.5,NFC East,-2,0.5954999999999999,7.45,3.608695652173913,1.5,3.6,1.0,97.5,0.5,0.3392857142857143,0.6819999999999999,7.115,5.848214285714286,1.5,5.85,1.0,97.5,0.5,0.3392857142857143,-0.5027826758965702,2025,KAN vs. NYG,NYG,1400.0,23.0,KAN,1414.0064999802885,23.0,0,-13,0,0
LAC,1.0,1.0,10.0,12.0,30.0,-0.5315789473684212,-11.5,1.6331269349845199,2.7,1.75,0.9500000000000002,0.6446524924482716,27.0,21.0,AFC West,1,0.735,10.71,3.6,3.0,3.6,1.0,49.0,0.0,0.5384615384615384,0.615,6.9,5.764705882352941,1.0,5.8,1.0,71.0,0.0,0.5384615384615384,0.3553475075517284,2025-09-15,2025,LVR,1.0,1.0,12.0,14.0,-0.7000000000000028,-1.7982456140350882,-20.400000000000006,-0.7982456140350882,1.6666666666666667,0.9285714285714286,0.7380952380952381,0.7351586796605502,20.0,13.0,AFC West,1,0.706,9.06,2.333333333333333,1.0,2.3,0.6666666666666666,77.0,1.0,0.38461538461538464,0.652,5.46,3.333333333333333,1.0,3.3,0.6666666666666666,70.0,1.0,0.38461538461538464,0.26484132033944985,2025,LAC vs. LVR,LVR,1550.0,1.0,LAC,1550.0,1.0,0,-11,1,0
LAC,3.0,1.0,11.0,12.0,21.799999999999997,-0.5315789473684212,-13.400000000000006,1.4874686716791974,1.8181818181818181,1.3333333333333333,0.9500000000000002,2.0957486614732357,23.0,20.0,AFC West,3,0.7040000000000001,10.22,3.6,2.0,3.6,1.0,33.0,1.0,0.47058823529411764,0.56,6.68,5.619047619047619,1.0,5.6,1.0,71.0,0.0,0.47058823529411764,0.9042513385267643,2025-09-28,2025,NYG,0.0,0.0,11.0,12.0,-41.9,-0.13157894736842124,-4.700000000000003,0.6898496240601499,1.0,2.0,-1.0,0.6101088823517175,9.0,22.0,NFC East,-3,0.563,4.24,4.0,0.0,4.0,1.0,82.0,1.0,0.25,0.633,6.5,4.821428571428571,1.0,4.8,0.875,89.0,0.0,0.25,-0.6101088823517175,2025,LAC vs. NYG,NYG,1352.0146061080266,27.0,LAC,1635.9935000197115,1.0,1,3,0,0
WAS,2.0,0.5,13.0,12.0,-10.599999999999994,2.3499551435406696,17.9,-0.7411349319244052,1.775,1.9615384615384617,0.32092907092907075,2.3751594112369245,24.0,25.5,NFC East,-1,0.613,6.495,6.481534090909091,1.5,6.5,0.6666666666666666,52.0,0.5,0.3380681818181818,0.634,10.52,3.3904440154440163,2.0,3.4,1.0,49.5,0.0,0.3380681818181818,-0.37515941123692453,2025-10-05,2025,LAC,3.0,0.75,12.5,11.5,-2.1499999999999986,-0.4387218045112784,-12.450000000000003,0.5946115288220548,1.7305194805194803,1.5416666666666665,0.6297619047619049,2.505416880033704,21.5,20.5,AFC West,-1,0.65,7.715,3.692857142857143,1.5,3.7,1.0,41.0,1.5,0.41711229946524064,0.5875,5.9350000000000005,4.726190476190476,1.0,4.699999999999999,1.0,59.0,0.0,0.41711229946524064,0.494583119966296,2025,WAS vs. LAC,LAC,1552.3120624588448,3.0,WAS,1485.9935000197115,12.0,0,-17,0,0
LAC,3.0,0.6,11.0,11.0,-14.5,-0.34586466165413565,-11.5,1.4874686716791974,1.6428571428571428,1.75,0.30952380952380953,2.592164704936719,20.0,21.0,AFC West,-2,0.7040000000000001,5.21,3.7857142857142856,1.0,3.8,1.0,49.0,2.0,0.47058823529411764,0.5770000000000001,6.68,5.619047619047619,1.0,5.6,1.0,48.0,0.0,0.47058823529411764,0.40783529506328087,2025-10-12,2025,MIA,1.0,0.2,11.0,12.0,13.200000000000003,-0.06491228070175481,14.400000000000006,1.6832358674463936,2.1818181818181817,2.5833333333333335,-0.8333333333333335,1.7765700982063266,24.0,31.0,AFC East,-1,0.68,8.03,4.066666666666666,2.0,4.1,1.0,57.0,1.0,0.4,0.759,9.39,5.814814814814815,2.0,5.8,1.0,46.0,0.0,0.4,-0.7765700982063266,2025,LAC vs. MIA,MIA,1375.8939554288509,21.0,LAC,1492.882302096001,8.0,0,-2,0,0
LAR,1.0,1.0,9.0,13.0,6.099999999999994,-1.2515789473684213,-31.400000000000006,0.09064327485380108,1.5555555555555556,0.6923076923076923,0.8632478632478633,0.7402260192619532,14.0,9.0,NFC West,1,0.7240000000000001,8.41,2.88,1.0,2.9,,60.0,1.0,0.5384615384615384,0.7040000000000001,3.93,4.222222222222222,0.0,4.2,1.0,80.0,2.0,0.5384615384615384,0.2597739807380468,2025-09-14,2025,TEN,0.0,0.0,17.0,15.0,-49.7,-0.7506265664160403,-41.0,0.901754385964912,0.7058823529411765,1.3333333333333333,-0.6274509803921567,0.2295848710705603,12.0,20.0,AFC South,-1,0.429,2.21,3.380952380952381,0.0,3.4,1.0,131.0,2.0,0.14285714285714285,0.625,2.4,5.033333333333333,1.0,5.0,1.0,45.0,4.0,0.14285714285714285,-0.2295848710705603,2025,LAR vs. TEN,TEN,1450.0,17.0,LAR,1550.0,1.0,0,-14,0,0
LAR,2.0,1.0,11.5,14.0,5.25,0.2884210526315787,-26.6,0.07568600989653618,1.9563492063492065,0.9794871794871794,0.9768620268620269,1.52747173951172,23.5,14.0,NFC West,2,0.7105000000000001,8.525,4.42,1.5,4.45,1.0,44.5,1.0,0.47756410256410253,0.6400000000000001,4.4350000000000005,4.207264957264957,0.5,4.2,1.0,71.0,1.5,0.47756410256410253,0.4725282604882799,2025-09-21,2025,PHI,2.0,1.0,9.0,10.5,-15.25,-0.258513931888545,-26.700000000000003,0.8998895841001104,2.5,1.7727272727272727,0.7272727272727273,1.2014949195306346,22.0,18.5,NFC East,2,0.754,5.265,3.8730650154798765,0.0,3.9000000000000004,1.0,79.0,0.0,0.4862637362637363,0.585,5.3149999999999995,5.031468531468532,0.5,5.050000000000001,0.75,43.5,1.0,0.4862637362637363,0.7985050804693654,2025,LAR vs. PHI,PHI,1585.9935000197115,1.0,LAR,1585.9935000197115,1.0,1,7,0,0
SFO,3.0,0.75,12.5,12.5,-12.800000000000004,-0.7496345029239768,-10.399999999999999,-0.22205513784461184,1.534965034965035,1.4326923076923077,0.26893939393939403,2.191964875844281,19.0,18.0,NFC West,-1,0.663,6.505,3.3819444444444446,2.0,3.4,1.0,57.5,1.5,0.5166666666666666,0.6865,6.305,3.9095238095238094,1.0,3.9,0.6666666666666666,37.5,0.5,0.5166666666666666,0.8080351241557189,2025-10-02,2025,LAR,3.0,0.75,13.5,13.5,5.25,0.4106046754603627,-21.449999999999996,-0.011615577405050814,1.9051282051282052,1.3476190476190477,0.7557997557997559,2.5605320396658087,26.5,19.5,NFC West,1,0.7020000000000001,8.525,4.542183622828784,2.0,4.55,1.0,50.5,1.0,0.375,0.6799999999999999,5.165,4.11996336996337,1.0,4.1,1.0,71.0,1.5,0.375,0.43946796033419133,2025,SFO vs. LAR,LAR,1598.6006532341105,3.0,SFO,1572.2363938607325,3.0,0,-3,1,0
LVR,1.0,0.5,11.5,12.5,-33.300000000000004,-1.1754385964912284,0.6999999999999957,-0.907219973009447,1.2424242424242424,1.3733766233766234,-0.13095238095238088,0.8661225470719497,14.5,16.5,AFC West,-1,0.6319999999999999,4.705,2.9561403508771926,0.5,2.95,0.8333333333333333,62.0,2.0,0.4423076923076923,0.678,7.84,3.2243589743589745,1.5,3.2,0.8333333333333333,51.5,1.0,0.4423076923076923,0.1338774529280503,2025-09-21,2025,WAS,1.0,0.5,11.5,12.0,-10.649999999999999,0.6480263157894735,-15.55,-0.27288329519450816,1.6931818181818183,1.3111888111888113,0.381993006993007,1.227843646541333,19.5,16.5,NFC East,-1,0.6020000000000001,6.470000000000001,4.779605263157895,1.5,4.800000000000001,0.3333333333333333,59.5,0.0,0.3380681818181818,0.5359999999999999,7.105,3.858695652173913,1.0,3.85,0.8333333333333333,56.0,0.0,0.3380681818181818,-0.22784364654133293,2025,LVR vs. WAS,WAS,1500.0,11.0,LVR,1500.0,11.0,1,17,0,0
TEN,1.0,0.2,13.0,14.0,-37.1,-0.39244851258581237,4.400000000000006,0.901754385964912,1.2666666666666666,2.357142857142857,-1.0904761904761906,1.1241724967063274,19.0,26.0,AFC South,1,0.5379999999999999,4.5,3.739130434782609,0.0,3.7,1.0,62.0,1.0,0.3333333333333333,0.7190000000000001,8.64,5.033333333333333,1.0,5.0,0.8333333333333333,45.0,1.0,0.3333333333333333,-0.12417249670632735,2025-10-12,2025,LVR,1.0,0.2,12.0,11.0,-27.0,-0.5526315789473686,6.400000000000006,-0.7982456140350882,1.5,2.272727272727273,-0.9999999999999999,1.572380914395056,20.0,25.0,AFC West,-4,0.667,2.78,3.5789473684210527,1.0,3.6,0.6666666666666666,54.0,2.0,0.38461538461538464,0.6559999999999999,8.16,3.333333333333333,1.0,3.3,0.8333333333333333,60.0,1.0,0.38461538461538464,-0.572380914395056,2025,TEN vs. LVR,LVR,1373.645970675123,21.0,TEN,1407.1981780743286,21.0,1,10,0,0
NWE,0.0,0.0,14.0,12.0,-20.400000000000006,-0.7982456140350882,-0.7000000000000028,-1.7982456140350882,0.9285714285714286,1.6666666666666667,-0.7380952380952381,0.26484132033944996,13.0,20.0,AFC East,-1,0.652,5.46,3.333333333333333,1.0,3.3,0.6666666666666666,70.0,1.0,0.2857142857142857,0.706,9.06,2.333333333333333,1.0,2.3,0.6666666666666666,77.0,1.0,0.2857142857142857,-0.26484132033944996,2025-09-14,2025,MIA,0.0,0.0,11.0,8.0,-45.1,2.3684210526315788,14.400000000000006,-0.23157894736842133,0.7272727272727273,4.125,-3.3977272727272725,0.033619660053115306,8.0,33.0,AFC East,-1,0.613,2.03,6.5,1.0,6.5,,15.0,3.0,0.5,0.759,9.72,3.9,1.0,3.9,1.0,45.0,0.0,0.5,-0.033619660053115306,2025,NWE vs. MIA,MIA,1450.0,17.0,NWE,1450.0,17.0,0,-6,1,0
NYJ,0.0,0.0,12.0,12.0,-11.299999999999997,0.5350877192982457,0.5,-0.543343653250774,2.25,2.727272727272727,0.17857142857142838,0.9908030120928037,27.0,30.0,AFC East,-3,0.722,4.53,4.666666666666667,1.0,4.7,1.0,74.0,1.0,0.2727272727272727,0.655,8.45,3.588235294117647,1.0,3.6,1.0,69.0,0.0,0.2727272727272727,-0.9908030120928037,2025-09-29,2025,MIA,0.0,0.0,11.0,10.0,-18.799999999999997,1.068421052631579,32.599999999999994,0.07531760435571666,1.75,3.3,-0.8454545454545452,0.7012543974110246,21.0,33.0,AFC East,-3,0.647,4.15,5.2,2.0,5.2,1.0,57.0,1.0,0.5,0.7859999999999999,9.72,4.206896551724138,2.0,4.2,1.0,45.0,0.0,0.5,-0.7012543974110246,2025,NYJ vs. MIA,MIA,1374.472329358533,27.0,NYJ,1386.9160182128549,27.0,1,6,1,0
MIN,2.0,0.6666666666666666,14.0,14.0,-3.299999999999997,0.48380566801619374,-24.900000000000006,0.4453441295546554,1.6875,1.5714285714285714,-0.02678571428571419,1.5895903678657302,27.0,22.0,NFC North,1,0.65,6.45,4.615384615384615,2.0,4.6,1.0,50.0,1.0,0.3333333333333333,0.619,5.14,4.576923076923077,1.0,4.6,1.0,45.0,1.0,0.3333333333333333,0.41040963213426984,2025-09-28,2025,PIT,2.0,0.6666666666666666,12.0,12.0,-3.9000000000000057,-1.4815789473684213,0.09999999999999432,-0.028130671506351845,2.3333333333333335,2.2142857142857144,-0.3666666666666667,1.4532320824405693,21.0,31.0,AFC North,1,0.696,5.83,2.65,2.0,2.7,1.0,26.0,1.0,0.4,0.727,6.91,4.103448275862069,2.0,4.1,0.75,54.0,2.0,0.4,0.5467679175594307,2025,MIN vs. PIT,PIT,1538.008106127738,7.0,MIN,1551.8357936304756,7.0,1,3,0,0
PIT,1.0,0.5,12.5,12.0,-4.150000000000002,-1.092293233082707,2.8500000000000014,0.218995765275257,2.0705128205128207,2.7071428571428573,-0.6366300366300367,0.7299196502650663,25.5,31.5,AFC North,-1,0.652,6.75,3.039285714285714,2.5,3.05,1.0,20.5,1.0,0.3666666666666667,0.6970000000000001,8.73,4.350574712643678,1.5,4.35,0.75,42.0,1.5,0.3666666666666667,0.27008034973493367,2025-09-21,2025,NWE,1.0,0.5,12.0,11.5,6.75,-0.36146400483968577,6.25,-0.9315789473684215,2.1142857142857143,2.0606060606060606,0.05367965367965355,0.8815471917063916,23.0,23.5,AFC East,1,0.739,8.185,3.7701149425287355,1.5,3.75,0.8333333333333333,72.5,0.5,0.43452380952380953,0.7595,9.095,3.1999999999999997,1.5,3.1999999999999997,0.8333333333333333,71.0,1.0,0.43452380952380953,0.11845280829360838,2025,PIT vs. NWE,NWE,1500.0,11.0,PIT,1485.9935000197115,11.0,0,-7,0,0
NWE,3.0,0.6,11.0,12.0,0.29999999999999716,-0.545372050816697,-0.7000000000000028,-0.06491228070175481,2.090909090909091,1.6666666666666667,0.5524475524475523,2.681844314566382,23.0,20.0,AFC East,2,0.757,8.9,3.586206896551724,2.0,3.6,1.0,70.0,1.0,0.3333333333333333,0.706,7.74,4.066666666666666,2.0,4.1,0.8333333333333333,65.0,1.0,0.3333333333333333,0.31815568543361783,2025-10-12,2025,NOR,1.0,0.2,12.0,13.0,-22.200000000000003,-0.09824561403508802,10.200000000000003,0.5580762250453715,1.5833333333333333,2.0,-0.3846153846153846,1.744848385495979,19.0,26.0,NFC South,1,0.6829999999999999,4.52,4.033333333333333,1.0,4.0,0.6666666666666666,45.0,1.0,0.36363636363636365,0.7240000000000001,8.38,4.689655172413793,2.0,4.7,1.0,55.0,1.0,0.36363636363636365,-0.7448483854959791,2025,NWE vs. NOR,NOR,1418.420916551528,21.0,NWE,1570.1660701500623,8.0,0,-6,0,0
SFO,1.0,1.0,12.0,12.0,-9.200000000000003,-0.8260233918128654,-13.5,-0.9008097165991904,1.4166666666666667,1.0833333333333333,0.3333333333333335,0.653800180325273,17.0,13.0,NFC West,1,0.743,6.14,3.305555555555556,2.0,3.3,0.3333333333333333,61.0,2.0,0.5,0.696,6.35,3.230769230769231,0.0,3.2,1.0,30.0,2.0,0.5,0.346199819674727,2025-09-14,2025,NOR,0.0,0.0,11.0,14.0,-30.200000000000003,0.7320574162679421,4.099999999999994,1.2758284600389862,1.1818181818181819,1.4285714285714286,-0.24675324675324672,0.26484132033944996,13.0,20.0,NFC South,-1,0.5870000000000001,4.52,4.863636363636363,0.0,4.9,0.6666666666666666,89.0,0.0,0.35714285714285715,0.7240000000000001,5.86,5.407407407407407,2.0,5.4,0.6666666666666666,54.0,0.0,0.35714285714285715,-0.26484132033944996,2025,SFO vs. NOR,NOR,1450.0,17.0,SFO,1550.0,1.0,0,-5,0,0
NOR,0.0,0.0,12.0,13.5,-7.300000000000004,0.316905901116427,7.949999999999996,0.05289398710451332,1.3986013986013988,1.7142857142857144,-0.31568431568431565,0.6409329706182452,17.0,23.0,NFC South,-2,0.661,5.88,4.448484848484848,1.5,4.45,0.3333333333333333,67.0,0.5,0.36038961038961037,0.6955,7.120000000000001,4.184472934472934,2.5,4.2,0.8333333333333333,47.0,0.5,0.36038961038961037,-0.6409329706182452,2025-09-21,2025,SEA,1.0,0.5,13.0,12.5,-12.899999999999999,-0.49895295267346107,-25.3,-0.7645154553049291,1.6488095238095237,1.3621794871794872,0.2866300366300366,1.1521385904818424,22.0,17.0,NFC West,1,0.6815,6.63,3.63262599469496,1.0,3.6,0.75,20.0,2.0,0.36428571428571427,0.657,4.8549999999999995,3.367063492063492,1.5,3.3499999999999996,0.6666666666666666,38.0,2.0,0.36428571428571427,-0.15213859048184242,2025,NOR vs. SEA,SEA,1514.0064999802885,11.0,NOR,1414.0064999802885,23.0,1,31,0,0
NYG,1.0,0.25,11.0,13.5,-25.349999999999998,-0.2149122807017545,-10.700000000000003,1.7166353383458643,1.4545454545454546,1.875,-0.5119047619047619,1.200440663791249,15.0,21.5,NFC East,1,0.615,4.715,3.916666666666667,0.5,3.9,1.0,62.5,0.5,0.3392857142857143,0.614,6.234999999999999,5.848214285714286,1.0,5.85,1.0,97.5,0.5,0.3392857142857143,-0.20044066379124903,2025-10-05,2025,NOR,0.0,0.0,12.5,12.0,-26.200000000000003,0.316905901116427,11.0,-0.0726847165991904,1.3825757575757576,2.409090909090909,-0.8097319347319348,0.932228694778395,16.0,28.5,NFC South,-4,0.663,4.455,4.448484848484848,1.0,4.45,0.6666666666666666,61.0,1.0,0.36038961038961037,0.7255,8.415,4.058894230769231,2.0,4.1,1.0,54.5,1.0,0.36038961038961037,-0.932228694778395,2025,NYG vs. NOR,NOR,1357.3306677684543,30.0,NYG,1435.6960436688933,22.0,1,12,0,0
PHI,4.0,0.8,11.0,14.0,-1.7999999999999972,-0.543343653250774,-20.0,0.522267206477733,2.5833333333333335,1.6666666666666667,0.9166666666666667,2.8412264055544783,24.0,21.0,NFC East,-1,0.6559999999999999,6.33,3.588235294117647,2.0,3.6,1.0,55.0,0.0,0.35714285714285715,0.5589999999999999,5.62,4.653846153846154,1.0,4.7,1.0,42.0,1.0,0.35714285714285715,1.1587735944455217,2025-10-09,2025,NYG,1.0,0.2,11.0,12.0,-27.200000000000003,-0.13157894736842124,-4.700000000000003,0.6898496240601499,1.0769230769230769,2.0,-1.0,1.3878209730736648,14.0,22.0,NFC East,-1,0.65,4.24,4.0,1.0,4.0,1.0,82.0,1.0,0.3,0.633,6.5,4.821428571428571,1.0,4.8,0.875,89.0,0.0,0.3,-0.3878209730736648,2025,PHI vs. NYG,NYG,1374.6057948858197,21.0,PHI,1611.3246791919616,1.0,1,17,1,0
NYJ,0.0,0.0,12.0,11.5,-7.200000000000003,0.5827067669172932,4.549999999999997,-0.20192778457772342,1.9571428571428573,2.7803030303030303,-0.823160173160173,0.5330415392000235,21.0,32.0,AFC East,-2,0.591,6.955,4.714285714285714,1.0,4.75,1.0,54.5,1.0,0.25,0.6445000000000001,8.28,3.929651162790698,2.0,3.95,1.0,47.5,0.0,0.25,-0.5330415392000235,2025-09-21,2025,TAM,2.0,1.0,13.5,10.0,-3.1499999999999986,0.8807398932112891,-7.5,-0.6889097744360901,1.598901098901099,1.974747474747475,-0.3758463758463759,1.1124139415398586,21.5,19.5,NFC South,2,0.5945,6.46,5.01231884057971,2.5,5.0,0.25,52.5,0.0,0.4642857142857143,0.5925,7.890000000000001,3.442669172932331,1.0,3.45,0.8333333333333333,50.0,0.0,0.4642857142857143,0.8875860584601414,2025,NYJ vs. TAM,TAM,1585.9935000197115,1.0,NYJ,1414.0064999802885,23.0,1,2,0,0
PHI,3.0,1.0,10.0,11.0,-7.200000000000003,-0.543343653250774,-23.400000000000006,1.0297113752122238,3.0,1.7333333333333334,1.0,1.8391114573001786,24.0,20.0,NFC East,3,0.682,6.26,3.588235294117647,0.0,3.6,1.0,50.0,0.0,0.35714285714285715,0.5589999999999999,5.53,5.161290322580645,1.0,5.2,0.6666666666666666,42.0,1.0,0.35714285714285715,1.1608885426998214,2025-09-28,2025,TAM,3.0,1.0,14.0,11.0,-1.7000000000000028,0.2597254004576657,-7.700000000000003,0.17276887871853486,1.7692307692307692,2.2222222222222223,-0.2987012987012987,1.6546524686470783,23.0,20.0,NFC South,3,0.655,6.84,4.391304347826087,2.0,4.4,0.5,60.0,0.0,0.42857142857142855,0.643,7.36,4.304347826086956,1.0,4.3,1.0,55.0,0.0,0.42857142857142855,1.3453475313529217,2025,PHI vs. TAM,TAM,1613.0839817871451,1.0,PHI,1635.9935000197115,1.0,0,-6,0,0
SEA,0.0,0.0,12.0,12.0,-13.5,-0.9008097165991904,-9.200000000000003,-0.8260233918128654,1.0833333333333333,1.4166666666666667,-0.3333333333333335,0.346199819674727,13.0,17.0,NFC West,-1,0.696,6.35,3.230769230769231,0.0,3.2,1.0,30.0,2.0,0.3,0.743,6.14,3.305555555555556,2.0,3.3,0.3333333333333333,61.0,2.0,0.3,-0.346199819674727,2025-09-14,2025,PIT,1.0,1.0,12.0,10.0,33.099999999999994,-1.4815789473684213,18.0,0.5350877192982457,2.8333333333333335,3.2,-0.3666666666666667,0.535858421072182,34.0,32.0,AFC North,1,0.733,9.93,2.65,4.0,2.7,1.0,26.0,0.0,0.4,0.727,10.55,4.666666666666667,1.0,4.7,1.0,74.0,1.0,0.4,0.46414157892781804,2025,SEA vs. PIT,PIT,1550.0,1.0,SEA,1450.0,17.0,0,-14,0,0
TAM,3.0,0.75,14.0,11.5,-3.1499999999999986,0.06407322654462222,-7.5,-0.6044050343249432,1.717948717948718,2.236111111111111,-0.3758463758463759,2.0298896050379067,24.0,23.5,NFC South,-1,0.6025,6.76,4.195652173913043,2.0,4.2,0.6666666666666667,52.5,0.0,0.36813186813186816,0.634,6.845000000000001,3.527173913043478,1.5,3.55,1.0,68.0,0.0,0.36813186813186816,0.9701103949620933,2025-10-05,2025,SEA,3.0,0.75,12.5,13.0,-1.5,-0.49895295267346107,-26.300000000000004,-0.7645154553049291,1.9917582417582418,1.3205128205128205,0.6712454212454213,2.6815285264958804,27.0,17.0,NFC West,3,0.694,8.245000000000001,3.63262599469496,1.5,3.6,0.875,50.0,1.5,0.38095238095238093,0.671,3.9799999999999995,3.367063492063492,1.5,3.3499999999999996,0.8333333333333333,53.5,2.0,0.38095238095238093,0.31847147350411964,2025,TAM vs. SEA,SEA,1597.9853938919734,3.0,TAM,1566.3761564775527,3.0,0,-3,0,0
SFO,4.0,0.8,12.0,13.0,-9.200000000000003,-0.8260233918128654,-7.299999999999997,-0.09824561403508802,1.6153846153846154,1.6153846153846154,0.3333333333333335,2.764099937314027,21.0,21.0,NFC West,1,0.667,6.74,3.305555555555556,2.0,3.3,1.0,54.0,1.0,0.5,0.677,6.35,4.033333333333333,1.0,4.0,0.6666666666666666,36.0,1.0,0.5,1.2359000626859729,2025-10-12,2025,TAM,4.0,0.8,14.0,12.0,-1.7000000000000028,-0.13157894736842124,-7.299999999999997,0.17276887871853486,1.7692307692307692,2.25,-0.2987012987012987,2.5784620127365603,25.0,27.0,NFC South,1,0.655,6.84,4.0,2.0,4.0,0.8333333333333334,45.0,0.0,0.42857142857142855,0.643,7.36,4.304347826086956,2.0,4.3,1.0,56.0,0.0,0.42857142857142855,1.4215379872634397,2025,SFO vs. TAM,TAM,1620.9125821228552,1.0,SFO,1626.0232501413775,1.0,1,11,0,0
